file,line,type,commit,author,date,time,timezone,datetime,depth,length
style.css,1,css,cd48e08b,Yi-Hsuan Kuo,2025-04-09,16:34:19,-07:00,2025-04-09T16:34:19-07:00,0,6
style.css,2,css,cd48e08b,Yi-Hsuan Kuo,2025-04-09,16:34:19,-07:00,2025-04-09T16:34:19-07:00,0,32
style.css,3,css,60797651,Yi-Hsuan Kuo,2025-04-18,11:58:25,-07:00,2025-04-18T11:58:25-07:00,0,24
style.css,4,css,cd48e08b,Yi-Hsuan Kuo,2025-04-09,16:34:19,-07:00,2025-04-09T16:34:19-07:00,0,0
style.css,5,css,cd48e08b,Yi-Hsuan Kuo,2025-04-09,16:34:19,-07:00,2025-04-09T16:34:19-07:00,0,5
style.css,6,css,cd48e08b,Yi-Hsuan Kuo,2025-04-09,16:34:19,-07:00,2025-04-09T16:34:19-07:00,0,33
style.css,7,css,60797651,Yi-Hsuan Kuo,2025-04-18,11:58:25,-07:00,2025-04-18T11:58:25-07:00,0,45
style.css,8,css,cd48e08b,Yi-Hsuan Kuo,2025-04-09,16:34:19,-07:00,2025-04-09T16:34:19-07:00,0,0
style.css,9,css,cd48e08b,Yi-Hsuan Kuo,2025-04-09,16:34:19,-07:00,2025-04-09T16:34:19-07:00,0,0
style.css,10,css,b4a2bd1e,Yi-Hsuan Kuo,2025-04-03,13:44:12,-07:00,2025-04-03T13:44:12-07:00,0,5
style.css,11,css,cd48e08b,Yi-Hsuan Kuo,2025-04-09,16:34:19,-07:00,2025-04-09T16:34:19-07:00,0,24
style.css,12,css,cd48e08b,Yi-Hsuan Kuo,2025-04-09,16:34:19,-07:00,2025-04-09T16:34:19-07:00,0,16
style.css,13,css,cd48e08b,Yi-Hsuan Kuo,2025-04-09,16:34:19,-07:00,2025-04-09T16:34:19-07:00,0,43
style.css,14,css,a07729f0,Yi-Hsuan Kuo,2025-04-24,15:56:02,-07:00,2025-04-24T15:56:02-07:00,0,24
style.css,15,css,a07729f0,Yi-Hsuan Kuo,2025-04-24,15:56:02,-07:00,2025-04-24T15:56:02-07:00,0,17
style.css,16,css,cd48e08b,Yi-Hsuan Kuo,2025-04-09,16:34:19,-07:00,2025-04-09T16:34:19-07:00,0,0
style.css,17,css,cd48e08b,Yi-Hsuan Kuo,2025-04-09,16:34:19,-07:00,2025-04-09T16:34:19-07:00,0,0
style.css,18,css,cd48e08b,Yi-Hsuan Kuo,2025-04-09,16:34:19,-07:00,2025-04-09T16:34:19-07:00,0,4
style.css,19,css,60797651,Yi-Hsuan Kuo,2025-04-18,11:58:25,-07:00,2025-04-18T11:58:25-07:00,0,40
style.css,20,css,60797651,Yi-Hsuan Kuo,2025-04-18,11:58:25,-07:00,2025-04-18T11:58:25-07:00,0,40
style.css,21,css,cd48e08b,Yi-Hsuan Kuo,2025-04-09,16:34:19,-07:00,2025-04-09T16:34:19-07:00,0,13
style.css,22,css,cd48e08b,Yi-Hsuan Kuo,2025-04-09,16:34:19,-07:00,2025-04-09T16:34:19-07:00,0,21
style.css,23,css,cd48e08b,Yi-Hsuan Kuo,2025-04-09,16:34:19,-07:00,2025-04-09T16:34:19-07:00,0,24
style.css,24,css,cd48e08b,Yi-Hsuan Kuo,2025-04-09,16:34:19,-07:00,2025-04-09T16:34:19-07:00,0,26
style.css,25,css,cd48e08b,Yi-Hsuan Kuo,2025-04-09,16:34:19,-07:00,2025-04-09T16:34:19-07:00,0,38
style.css,26,css,cd48e08b,Yi-Hsuan Kuo,2025-04-09,16:34:19,-07:00,2025-04-09T16:34:19-07:00,0,0
style.css,27,css,cd48e08b,Yi-Hsuan Kuo,2025-04-09,16:34:19,-07:00,2025-04-09T16:34:19-07:00,0,6
style.css,28,css,cd48e08b,Yi-Hsuan Kuo,2025-04-09,16:34:19,-07:00,2025-04-09T16:34:19-07:00,0,7
style.css,29,css,cd48e08b,Yi-Hsuan Kuo,2025-04-09,16:34:19,-07:00,2025-04-09T16:34:19-07:00,0,21
style.css,30,css,cd48e08b,Yi-Hsuan Kuo,2025-04-09,16:34:19,-07:00,2025-04-09T16:34:19-07:00,0,14
style.css,31,css,cd48e08b,Yi-Hsuan Kuo,2025-04-09,16:34:19,-07:00,2025-04-09T16:34:19-07:00,0,18
style.css,32,css,cd48e08b,Yi-Hsuan Kuo,2025-04-09,16:34:19,-07:00,2025-04-09T16:34:19-07:00,0,14
style.css,33,css,cd48e08b,Yi-Hsuan Kuo,2025-04-09,16:34:19,-07:00,2025-04-09T16:34:19-07:00,0,0
style.css,34,css,cd48e08b,Yi-Hsuan Kuo,2025-04-09,16:34:19,-07:00,2025-04-09T16:34:19-07:00,0,14
style.css,35,css,cd48e08b,Yi-Hsuan Kuo,2025-04-09,16:34:19,-07:00,2025-04-09T16:34:19-07:00,0,21
style.css,36,css,cd48e08b,Yi-Hsuan Kuo,2025-04-09,16:34:19,-07:00,2025-04-09T16:34:19-07:00,0,26
style.css,37,css,cd48e08b,Yi-Hsuan Kuo,2025-04-09,16:34:19,-07:00,2025-04-09T16:34:19-07:00,0,26
style.css,38,css,cd48e08b,Yi-Hsuan Kuo,2025-04-09,16:34:19,-07:00,2025-04-09T16:34:19-07:00,0,38
style.css,39,css,cd48e08b,Yi-Hsuan Kuo,2025-04-09,16:34:19,-07:00,2025-04-09T16:34:19-07:00,0,0
style.css,40,css,cd48e08b,Yi-Hsuan Kuo,2025-04-09,16:34:19,-07:00,2025-04-09T16:34:19-07:00,0,12
style.css,41,css,cd48e08b,Yi-Hsuan Kuo,2025-04-09,16:34:19,-07:00,2025-04-09T16:34:19-07:00,0,26
style.css,42,css,cd48e08b,Yi-Hsuan Kuo,2025-04-09,16:34:19,-07:00,2025-04-09T16:34:19-07:00,0,26
style.css,43,css,cd48e08b,Yi-Hsuan Kuo,2025-04-09,16:34:19,-07:00,2025-04-09T16:34:19-07:00,0,40
style.css,44,css,60797651,Yi-Hsuan Kuo,2025-04-18,11:58:25,-07:00,2025-04-18T11:58:25-07:00,0,70
style.css,45,css,cd48e08b,Yi-Hsuan Kuo,2025-04-09,16:34:19,-07:00,2025-04-09T16:34:19-07:00,0,0
style.css,46,css,cd48e08b,Yi-Hsuan Kuo,2025-04-09,16:34:19,-07:00,2025-04-09T16:34:19-07:00,0,0
style.css,47,css,cd48e08b,Yi-Hsuan Kuo,2025-04-09,16:34:19,-07:00,2025-04-09T16:34:19-07:00,0,24
style.css,48,css,cd48e08b,Yi-Hsuan Kuo,2025-04-09,16:34:19,-07:00,2025-04-09T16:34:19-07:00,0,20
style.css,49,css,cd48e08b,Yi-Hsuan Kuo,2025-04-09,16:34:19,-07:00,2025-04-09T16:34:19-07:00,0,0
style.css,50,css,cd48e08b,Yi-Hsuan Kuo,2025-04-09,16:34:19,-07:00,2025-04-09T16:34:19-07:00,0,34
style.css,51,css,cd48e08b,Yi-Hsuan Kuo,2025-04-09,16:34:19,-07:00,2025-04-09T16:34:19-07:00,0,13
style.css,52,css,cd48e08b,Yi-Hsuan Kuo,2025-04-09,16:34:19,-07:00,2025-04-09T16:34:19-07:00,0,0
style.css,53,css,cd48e08b,Yi-Hsuan Kuo,2025-04-09,16:34:19,-07:00,2025-04-09T16:34:19-07:00,0,24
style.css,54,css,cd48e08b,Yi-Hsuan Kuo,2025-04-09,16:34:19,-07:00,2025-04-09T16:34:19-07:00,0,11
style.css,55,css,cd48e08b,Yi-Hsuan Kuo,2025-04-09,16:34:19,-07:00,2025-04-09T16:34:19-07:00,0,22
style.css,56,css,cd48e08b,Yi-Hsuan Kuo,2025-04-09,16:34:19,-07:00,2025-04-09T16:34:19-07:00,0,0
style.css,57,css,cd48e08b,Yi-Hsuan Kuo,2025-04-09,16:34:19,-07:00,2025-04-09T16:34:19-07:00,0,6
style.css,58,css,cd48e08b,Yi-Hsuan Kuo,2025-04-09,16:34:19,-07:00,2025-04-09T16:34:19-07:00,0,17
style.css,59,css,cd48e08b,Yi-Hsuan Kuo,2025-04-09,16:34:19,-07:00,2025-04-09T16:34:19-07:00,0,3
style.css,60,css,cd48e08b,Yi-Hsuan Kuo,2025-04-09,16:34:19,-07:00,2025-04-09T16:34:19-07:00,0,5
style.css,61,css,cd48e08b,Yi-Hsuan Kuo,2025-04-09,16:34:19,-07:00,2025-04-09T16:34:19-07:00,0,13
style.css,62,css,cd48e08b,Yi-Hsuan Kuo,2025-04-09,16:34:19,-07:00,2025-04-09T16:34:19-07:00,0,31
style.css,63,css,cd48e08b,Yi-Hsuan Kuo,2025-04-09,16:34:19,-07:00,2025-04-09T16:34:19-07:00,0,8
style.css,64,css,cd48e08b,Yi-Hsuan Kuo,2025-04-09,16:34:19,-07:00,2025-04-09T16:34:19-07:00,0,0
style.css,65,css,cd48e08b,Yi-Hsuan Kuo,2025-04-09,16:34:19,-07:00,2025-04-09T16:34:19-07:00,0,5
style.css,66,css,cd48e08b,Yi-Hsuan Kuo,2025-04-09,16:34:19,-07:00,2025-04-09T16:34:19-07:00,0,13
style.css,67,css,cd48e08b,Yi-Hsuan Kuo,2025-04-09,16:34:19,-07:00,2025-04-09T16:34:19-07:00,0,30
style.css,68,css,cd48e08b,Yi-Hsuan Kuo,2025-04-09,16:34:19,-07:00,2025-04-09T16:34:19-07:00,0,19
style.css,69,css,cd48e08b,Yi-Hsuan Kuo,2025-04-09,16:34:19,-07:00,2025-04-09T16:34:19-07:00,0,0
style.css,70,css,cd48e08b,Yi-Hsuan Kuo,2025-04-09,16:34:19,-07:00,2025-04-09T16:34:19-07:00,0,22
style.css,71,css,cd48e08b,Yi-Hsuan Kuo,2025-04-09,16:34:19,-07:00,2025-04-09T16:34:19-07:00,0,19
style.css,72,css,cd48e08b,Yi-Hsuan Kuo,2025-04-09,16:34:19,-07:00,2025-04-09T16:34:19-07:00,0,0
style.css,73,css,cd48e08b,Yi-Hsuan Kuo,2025-04-09,16:34:19,-07:00,2025-04-09T16:34:19-07:00,0,0
style.css,74,css,cd48e08b,Yi-Hsuan Kuo,2025-04-09,16:34:19,-07:00,2025-04-09T16:34:19-07:00,0,12
style.css,75,css,cd48e08b,Yi-Hsuan Kuo,2025-04-09,16:34:19,-07:00,2025-04-09T16:34:19-07:00,0,13
style.css,76,css,cd48e08b,Yi-Hsuan Kuo,2025-04-09,16:34:19,-07:00,2025-04-09T16:34:19-07:00,0,59
style.css,77,css,cd48e08b,Yi-Hsuan Kuo,2025-04-09,16:34:19,-07:00,2025-04-09T16:34:19-07:00,0,7
style.css,78,css,cd48e08b,Yi-Hsuan Kuo,2025-04-09,16:34:19,-07:00,2025-04-09T16:34:19-07:00,0,0
style.css,79,css,cd48e08b,Yi-Hsuan Kuo,2025-04-09,16:34:19,-07:00,2025-04-09T16:34:19-07:00,0,20
style.css,80,css,cd48e08b,Yi-Hsuan Kuo,2025-04-09,16:34:19,-07:00,2025-04-09T16:34:19-07:00,0,13
style.css,81,css,cd48e08b,Yi-Hsuan Kuo,2025-04-09,16:34:19,-07:00,2025-04-09T16:34:19-07:00,0,27
style.css,82,css,cd48e08b,Yi-Hsuan Kuo,2025-04-09,16:34:19,-07:00,2025-04-09T16:34:19-07:00,0,16
style.css,83,css,cd48e08b,Yi-Hsuan Kuo,2025-04-09,16:34:19,-07:00,2025-04-09T16:34:19-07:00,0,8
style.css,84,css,cd48e08b,Yi-Hsuan Kuo,2025-04-09,16:34:19,-07:00,2025-04-09T16:34:19-07:00,0,0
style.css,85,css,cd48e08b,Yi-Hsuan Kuo,2025-04-09,16:34:19,-07:00,2025-04-09T16:34:19-07:00,0,23
style.css,86,css,cd48e08b,Yi-Hsuan Kuo,2025-04-09,16:34:19,-07:00,2025-04-09T16:34:19-07:00,0,9
style.css,87,css,cd48e08b,Yi-Hsuan Kuo,2025-04-09,16:34:19,-07:00,2025-04-09T16:34:19-07:00,0,0
style.css,88,css,cd48e08b,Yi-Hsuan Kuo,2025-04-09,16:34:19,-07:00,2025-04-09T16:34:19-07:00,0,0
style.css,89,css,cd48e08b,Yi-Hsuan Kuo,2025-04-09,16:34:19,-07:00,2025-04-09T16:34:19-07:00,0,2
style.css,90,css,cd48e08b,Yi-Hsuan Kuo,2025-04-09,16:34:19,-07:00,2025-04-09T16:34:19-07:00,0,15
style.css,91,css,cd48e08b,Yi-Hsuan Kuo,2025-04-09,16:34:19,-07:00,2025-04-09T16:34:19-07:00,0,0
style.css,92,css,cd48e08b,Yi-Hsuan Kuo,2025-04-09,16:34:19,-07:00,2025-04-09T16:34:19-07:00,0,0
style.css,93,css,cd48e08b,Yi-Hsuan Kuo,2025-04-09,16:34:19,-07:00,2025-04-09T16:34:19-07:00,0,22
style.css,94,css,cd48e08b,Yi-Hsuan Kuo,2025-04-09,16:34:19,-07:00,2025-04-09T16:34:19-07:00,0,16
style.css,95,css,8e07a945,Yi-Hsuan Kuo,2025-04-10,12:51:05,-07:00,2025-04-10T12:51:05-07:00,0,0
style.css,96,css,8e07a945,Yi-Hsuan Kuo,2025-04-10,12:51:05,-07:00,2025-04-10T12:51:05-07:00,0,9
style.css,97,css,8e07a945,Yi-Hsuan Kuo,2025-04-10,12:51:05,-07:00,2025-04-10T12:51:05-07:00,0,18
style.css,98,css,8e07a945,Yi-Hsuan Kuo,2025-04-10,12:51:05,-07:00,2025-04-10T12:51:05-07:00,0,0
style.css,99,css,8e07a945,Yi-Hsuan Kuo,2025-04-10,12:51:05,-07:00,2025-04-10T12:51:05-07:00,0,25
style.css,100,css,8e07a945,Yi-Hsuan Kuo,2025-04-10,12:51:05,-07:00,2025-04-10T12:51:05-07:00,0,16
style.css,101,css,8e07a945,Yi-Hsuan Kuo,2025-04-10,12:51:05,-07:00,2025-04-10T12:51:05-07:00,0,0
style.css,102,css,8e07a945,Yi-Hsuan Kuo,2025-04-10,12:51:05,-07:00,2025-04-10T12:51:05-07:00,0,11
style.css,103,css,8e07a945,Yi-Hsuan Kuo,2025-04-10,12:51:05,-07:00,2025-04-10T12:51:05-07:00,0,15
style.css,104,css,8e07a945,Yi-Hsuan Kuo,2025-04-10,12:51:05,-07:00,2025-04-10T12:51:05-07:00,0,0
style.css,105,css,8e07a945,Yi-Hsuan Kuo,2025-04-10,12:51:05,-07:00,2025-04-10T12:51:05-07:00,0,0
style.css,106,css,8e07a945,Yi-Hsuan Kuo,2025-04-10,12:51:05,-07:00,2025-04-10T12:51:05-07:00,0,11
style.css,107,css,8e07a945,Yi-Hsuan Kuo,2025-04-10,12:51:05,-07:00,2025-04-10T12:51:05-07:00,0,13
style.css,108,css,8e07a945,Yi-Hsuan Kuo,2025-04-10,12:51:05,-07:00,2025-04-10T12:51:05-07:00,0,78
style.css,109,css,8e07a945,Yi-Hsuan Kuo,2025-04-10,12:51:05,-07:00,2025-04-10T12:51:05-07:00,0,0
style.css,110,css,8e07a945,Yi-Hsuan Kuo,2025-04-10,12:51:05,-07:00,2025-04-10T12:51:05-07:00,0,4
style.css,111,css,8e07a945,Yi-Hsuan Kuo,2025-04-10,12:51:05,-07:00,2025-04-10T12:51:05-07:00,0,13
style.css,112,css,8e07a945,Yi-Hsuan Kuo,2025-04-10,12:51:05,-07:00,2025-04-10T12:51:05-07:00,0,61
style.css,113,css,8e07a945,Yi-Hsuan Kuo,2025-04-10,12:51:05,-07:00,2025-04-10T12:51:05-07:00,0,0
style.css,114,css,8e07a945,Yi-Hsuan Kuo,2025-04-10,12:51:05,-07:00,2025-04-10T12:51:05-07:00,0,3
style.css,115,css,8e07a945,Yi-Hsuan Kuo,2025-04-10,12:51:05,-07:00,2025-04-10T12:51:05-07:00,0,53
style.css,116,css,8e07a945,Yi-Hsuan Kuo,2025-04-10,12:51:05,-07:00,2025-04-10T12:51:05-07:00,0,77
style.css,117,css,60797651,Yi-Hsuan Kuo,2025-04-18,11:58:25,-07:00,2025-04-18T11:58:25-07:00,0,0
style.css,118,css,60797651,Yi-Hsuan Kuo,2025-04-18,11:58:25,-07:00,2025-04-18T11:58:25-07:00,0,0
style.css,119,css,60797651,Yi-Hsuan Kuo,2025-04-18,11:58:25,-07:00,2025-04-18T11:58:25-07:00,0,18
style.css,120,css,60797651,Yi-Hsuan Kuo,2025-04-18,11:58:25,-07:00,2025-04-18T11:58:25-07:00,0,18
style.css,121,css,60797651,Yi-Hsuan Kuo,2025-04-18,11:58:25,-07:00,2025-04-18T11:58:25-07:00,0,8
style.css,122,css,60797651,Yi-Hsuan Kuo,2025-04-18,11:58:25,-07:00,2025-04-18T11:58:25-07:00,0,10
style.css,123,css,60797651,Yi-Hsuan Kuo,2025-04-18,11:58:25,-07:00,2025-04-18T11:58:25-07:00,0,9
style.css,124,css,cef161b2,Yi-Hsuan Kuo,2025-04-25,11:52:23,-07:00,2025-04-25T11:52:23-07:00,0,0
style.css,125,css,cef161b2,Yi-Hsuan Kuo,2025-04-25,11:52:23,-07:00,2025-04-25T11:52:23-07:00,0,0
style.css,126,css,cef161b2,Yi-Hsuan Kuo,2025-04-25,11:52:23,-07:00,2025-04-25T11:52:23-07:00,0,20
style.css,127,css,cef161b2,Yi-Hsuan Kuo,2025-04-25,11:52:23,-07:00,2025-04-25T11:52:23-07:00,0,10
style.css,128,css,cef161b2,Yi-Hsuan Kuo,2025-04-25,11:52:23,-07:00,2025-04-25T11:52:23-07:00,0,18
style.css,129,css,cef161b2,Yi-Hsuan Kuo,2025-04-25,11:52:23,-07:00,2025-04-25T11:52:23-07:00,0,13
style.css,130,css,cef161b2,Yi-Hsuan Kuo,2025-04-25,11:52:23,-07:00,2025-04-25T11:52:23-07:00,0,0
style.css,131,css,cef161b2,Yi-Hsuan Kuo,2025-04-25,11:52:23,-07:00,2025-04-25T11:52:23-07:00,0,0
style.css,132,css,cef161b2,Yi-Hsuan Kuo,2025-04-25,11:52:23,-07:00,2025-04-25T11:52:23-07:00,0,31
style.css,133,css,cef161b2,Yi-Hsuan Kuo,2025-04-25,11:52:23,-07:00,2025-04-25T11:52:23-07:00,0,18
style.css,134,css,cef161b2,Yi-Hsuan Kuo,2025-04-25,11:52:23,-07:00,2025-04-25T11:52:23-07:00,0,13
style.css,135,css,cef161b2,Yi-Hsuan Kuo,2025-04-25,11:52:23,-07:00,2025-04-25T11:52:23-07:00,0,37
style.css,136,css,cef161b2,Yi-Hsuan Kuo,2025-04-25,11:52:23,-07:00,2025-04-25T11:52:23-07:00,0,14
style.css,137,css,cef161b2,Yi-Hsuan Kuo,2025-04-25,11:52:23,-07:00,2025-04-25T11:52:23-07:00,0,9
style.css,138,css,cef161b2,Yi-Hsuan Kuo,2025-04-25,11:52:23,-07:00,2025-04-25T11:52:23-07:00,0,16
style.css,139,css,cef161b2,Yi-Hsuan Kuo,2025-04-25,11:52:23,-07:00,2025-04-25T11:52:23-07:00,0,0
style.css,140,css,cef161b2,Yi-Hsuan Kuo,2025-04-25,11:52:23,-07:00,2025-04-25T11:52:23-07:00,0,0
style.css,141,css,cef161b2,Yi-Hsuan Kuo,2025-04-25,11:52:23,-07:00,2025-04-25T11:52:23-07:00,0,18
style.css,142,css,cef161b2,Yi-Hsuan Kuo,2025-04-25,11:52:23,-07:00,2025-04-25T11:52:23-07:00,0,11
style.css,143,css,cef161b2,Yi-Hsuan Kuo,2025-04-25,11:52:23,-07:00,2025-04-25T11:52:23-07:00,0,18
style.css,144,css,cef161b2,Yi-Hsuan Kuo,2025-04-25,11:52:23,-07:00,2025-04-25T11:52:23-07:00,0,17
style.css,145,css,cef161b2,Yi-Hsuan Kuo,2025-04-25,11:52:23,-07:00,2025-04-25T11:52:23-07:00,0,11
style.css,146,css,cef161b2,Yi-Hsuan Kuo,2025-04-25,11:52:23,-07:00,2025-04-25T11:52:23-07:00,0,0
style.css,147,css,cef161b2,Yi-Hsuan Kuo,2025-04-25,11:52:23,-07:00,2025-04-25T11:52:23-07:00,0,0
style.css,148,css,cef161b2,Yi-Hsuan Kuo,2025-04-25,11:52:23,-07:00,2025-04-25T11:52:23-07:00,0,18
style.css,149,css,cef161b2,Yi-Hsuan Kuo,2025-04-25,11:52:23,-07:00,2025-04-25T11:52:23-07:00,0,11
style.css,150,css,cef161b2,Yi-Hsuan Kuo,2025-04-25,11:52:23,-07:00,2025-04-25T11:52:23-07:00,0,18
style.css,151,css,cef161b2,Yi-Hsuan Kuo,2025-04-25,11:52:23,-07:00,2025-04-25T11:52:23-07:00,0,9
style.css,152,css,cef161b2,Yi-Hsuan Kuo,2025-04-25,11:52:23,-07:00,2025-04-25T11:52:23-07:00,0,14
style.css,153,css,cef161b2,Yi-Hsuan Kuo,2025-04-25,11:52:23,-07:00,2025-04-25T11:52:23-07:00,0,14
style.css,154,css,cef161b2,Yi-Hsuan Kuo,2025-04-25,11:52:23,-07:00,2025-04-25T11:52:23-07:00,0,0
style.css,155,css,36586bd5,Yi-Hsuan Kuo,2025-05-02,12:27:44,-07:00,2025-05-02T12:27:44-07:00,0,0
style.css,156,css,36586bd5,Yi-Hsuan Kuo,2025-05-02,12:27:44,-07:00,2025-05-02T12:27:44-07:00,0,19
style.css,157,css,36586bd5,Yi-Hsuan Kuo,2025-05-02,12:27:44,-07:00,2025-05-02T12:27:44-07:00,0,15
style.css,158,css,36586bd5,Yi-Hsuan Kuo,2025-05-02,12:27:44,-07:00,2025-05-02T12:27:44-07:00,0,17
style.css,159,css,36586bd5,Yi-Hsuan Kuo,2025-05-02,12:27:44,-07:00,2025-05-02T12:27:44-07:00,0,17
style.css,160,css,36586bd5,Yi-Hsuan Kuo,2025-05-02,12:27:44,-07:00,2025-05-02T12:27:44-07:00,0,0
style.css,161,css,36586bd5,Yi-Hsuan Kuo,2025-05-02,12:27:44,-07:00,2025-05-02T12:27:44-07:00,0,0
style.css,162,css,36586bd5,Yi-Hsuan Kuo,2025-05-02,12:27:44,-07:00,2025-05-02T12:27:44-07:00,0,8
style.css,163,css,36586bd5,Yi-Hsuan Kuo,2025-05-02,12:27:44,-07:00,2025-05-02T12:27:44-07:00,0,13
style.css,164,css,36586bd5,Yi-Hsuan Kuo,2025-05-02,12:27:44,-07:00,2025-05-02T12:27:44-07:00,0,58
style.css,165,css,36586bd5,Yi-Hsuan Kuo,2025-05-02,12:27:44,-07:00,2025-05-02T12:27:44-07:00,0,8
style.css,166,css,36586bd5,Yi-Hsuan Kuo,2025-05-02,12:27:44,-07:00,2025-05-02T12:27:44-07:00,0,22
style.css,167,css,36586bd5,Yi-Hsuan Kuo,2025-05-02,12:27:44,-07:00,2025-05-02T12:27:44-07:00,0,12
style.css,168,css,36586bd5,Yi-Hsuan Kuo,2025-05-02,12:27:44,-07:00,2025-05-02T12:27:44-07:00,0,15
style.css,169,css,36586bd5,Yi-Hsuan Kuo,2025-05-02,12:27:44,-07:00,2025-05-02T12:27:44-07:00,0,19
style.css,170,css,36586bd5,Yi-Hsuan Kuo,2025-05-02,12:27:44,-07:00,2025-05-02T12:27:44-07:00,0,16
style.css,171,css,36586bd5,Yi-Hsuan Kuo,2025-05-02,12:27:44,-07:00,2025-05-02T12:27:44-07:00,0,0
style.css,172,css,36586bd5,Yi-Hsuan Kuo,2025-05-02,12:27:44,-07:00,2025-05-02T12:27:44-07:00,0,13
style.css,173,css,36586bd5,Yi-Hsuan Kuo,2025-05-02,12:27:44,-07:00,2025-05-02T12:27:44-07:00,0,53
style.css,174,css,36586bd5,Yi-Hsuan Kuo,2025-05-02,12:27:44,-07:00,2025-05-02T12:27:44-07:00,0,0
style.css,175,css,36586bd5,Yi-Hsuan Kuo,2025-05-02,12:27:44,-07:00,2025-05-02T12:27:44-07:00,0,13
style.css,176,css,36586bd5,Yi-Hsuan Kuo,2025-05-02,12:27:44,-07:00,2025-05-02T12:27:44-07:00,0,13
style.css,177,css,36586bd5,Yi-Hsuan Kuo,2025-05-02,12:27:44,-07:00,2025-05-02T12:27:44-07:00,0,19
style.css,178,css,36586bd5,Yi-Hsuan Kuo,2025-05-02,12:27:44,-07:00,2025-05-02T12:27:44-07:00,0,10
style.css,179,css,36586bd5,Yi-Hsuan Kuo,2025-05-02,12:27:44,-07:00,2025-05-02T12:27:44-07:00,0,23
style.css,180,css,36586bd5,Yi-Hsuan Kuo,2025-05-02,12:27:44,-07:00,2025-05-02T12:27:44-07:00,0,0
style.css,181,css,36586bd5,Yi-Hsuan Kuo,2025-05-02,12:27:44,-07:00,2025-05-02T12:27:44-07:00,0,21
style.css,182,css,36586bd5,Yi-Hsuan Kuo,2025-05-02,12:27:44,-07:00,2025-05-02T12:27:44-07:00,0,21
style.css,183,css,36586bd5,Yi-Hsuan Kuo,2025-05-02,12:27:44,-07:00,2025-05-02T12:27:44-07:00,0,12
style.css,184,css,36586bd5,Yi-Hsuan Kuo,2025-05-02,12:27:44,-07:00,2025-05-02T12:27:44-07:00,0,13
style.css,185,css,36586bd5,Yi-Hsuan Kuo,2025-05-02,12:27:44,-07:00,2025-05-02T12:27:44-07:00,0,24
style.css,186,css,36586bd5,Yi-Hsuan Kuo,2025-05-02,12:27:44,-07:00,2025-05-02T12:27:44-07:00,0,20
style.css,187,css,36586bd5,Yi-Hsuan Kuo,2025-05-02,12:27:44,-07:00,2025-05-02T12:27:44-07:00,0,22
style.css,188,css,36586bd5,Yi-Hsuan Kuo,2025-05-02,12:27:44,-07:00,2025-05-02T12:27:44-07:00,0,19
style.css,189,css,36586bd5,Yi-Hsuan Kuo,2025-05-02,12:27:44,-07:00,2025-05-02T12:27:44-07:00,0,0
style.css,190,css,36586bd5,Yi-Hsuan Kuo,2025-05-02,12:27:44,-07:00,2025-05-02T12:27:44-07:00,0,0
style.css,191,css,36586bd5,Yi-Hsuan Kuo,2025-05-02,12:27:44,-07:00,2025-05-02T12:27:44-07:00,0,9
style.css,192,css,36586bd5,Yi-Hsuan Kuo,2025-05-02,12:27:44,-07:00,2025-05-02T12:27:44-07:00,0,17
style.css,193,css,36586bd5,Yi-Hsuan Kuo,2025-05-02,12:27:44,-07:00,2025-05-02T12:27:44-07:00,0,0
style.css,194,css,36586bd5,Yi-Hsuan Kuo,2025-05-02,12:27:44,-07:00,2025-05-02T12:27:44-07:00,0,0
style.css,195,css,36586bd5,Yi-Hsuan Kuo,2025-05-02,12:27:44,-07:00,2025-05-02T12:27:44-07:00,0,25
style.css,196,css,36586bd5,Yi-Hsuan Kuo,2025-05-02,12:27:44,-07:00,2025-05-02T12:27:44-07:00,0,37
style.css,197,css,36586bd5,Yi-Hsuan Kuo,2025-05-02,12:27:44,-07:00,2025-05-02T12:27:44-07:00,0,12
style.css,198,css,36586bd5,Yi-Hsuan Kuo,2025-05-02,12:27:44,-07:00,2025-05-02T12:27:44-07:00,0,0
style.css,199,css,36586bd5,Yi-Hsuan Kuo,2025-05-02,12:27:44,-07:00,2025-05-02T12:27:44-07:00,0,0
style.css,200,css,36586bd5,Yi-Hsuan Kuo,2025-05-02,12:27:44,-07:00,2025-05-02T12:27:44-07:00,0,24
style.css,201,css,36586bd5,Yi-Hsuan Kuo,2025-05-02,12:27:44,-07:00,2025-05-02T12:27:44-07:00,0,10
style.css,202,css,36586bd5,Yi-Hsuan Kuo,2025-05-02,12:27:44,-07:00,2025-05-02T12:27:44-07:00,0,36
style.css,203,css,36586bd5,Yi-Hsuan Kuo,2025-05-02,12:27:44,-07:00,2025-05-02T12:27:44-07:00,0,29
style.css,204,css,36586bd5,Yi-Hsuan Kuo,2025-05-02,12:27:44,-07:00,2025-05-02T12:27:44-07:00,0,12
style.css,205,css,36586bd5,Yi-Hsuan Kuo,2025-05-02,12:27:44,-07:00,2025-05-02T12:27:44-07:00,0,17
style.css,206,css,36586bd5,Yi-Hsuan Kuo,2025-05-02,12:27:44,-07:00,2025-05-02T12:27:44-07:00,0,0
style.css,207,css,36586bd5,Yi-Hsuan Kuo,2025-05-02,12:27:44,-07:00,2025-05-02T12:27:44-07:00,0,39
style.css,208,css,36586bd5,Yi-Hsuan Kuo,2025-05-02,12:27:44,-07:00,2025-05-02T12:27:44-07:00,0,12
style.css,209,css,36586bd5,Yi-Hsuan Kuo,2025-05-02,12:27:44,-07:00,2025-05-02T12:27:44-07:00,0,0
style.css,210,css,36586bd5,Yi-Hsuan Kuo,2025-05-02,12:27:44,-07:00,2025-05-02T12:27:44-07:00,0,0
style.css,211,css,36586bd5,Yi-Hsuan Kuo,2025-05-02,12:27:44,-07:00,2025-05-02T12:27:44-07:00,0,26
style.css,212,css,36586bd5,Yi-Hsuan Kuo,2025-05-02,12:27:44,-07:00,2025-05-02T12:27:44-07:00,0,43
style.css,213,css,36586bd5,Yi-Hsuan Kuo,2025-05-02,12:27:44,-07:00,2025-05-02T12:27:44-07:00,0,11
style.css,214,css,36586bd5,Yi-Hsuan Kuo,2025-05-02,12:27:44,-07:00,2025-05-02T12:27:44-07:00,0,12
style.css,215,css,36586bd5,Yi-Hsuan Kuo,2025-05-02,12:27:44,-07:00,2025-05-02T12:27:44-07:00,0,0
style.css,216,css,36586bd5,Yi-Hsuan Kuo,2025-05-02,12:27:44,-07:00,2025-05-02T12:27:44-07:00,0,22
style.css,217,css,36586bd5,Yi-Hsuan Kuo,2025-05-02,12:27:44,-07:00,2025-05-02T12:27:44-07:00,0,36
style.css,218,css,36586bd5,Yi-Hsuan Kuo,2025-05-02,12:27:44,-07:00,2025-05-02T12:27:44-07:00,0,30
style.css,219,css,36586bd5,Yi-Hsuan Kuo,2025-05-02,12:27:44,-07:00,2025-05-02T12:27:44-07:00,0,21
style.css,220,css,36586bd5,Yi-Hsuan Kuo,2025-05-02,12:27:44,-07:00,2025-05-02T12:27:44-07:00,0,0
style.css,221,css,36586bd5,Yi-Hsuan Kuo,2025-05-02,12:27:44,-07:00,2025-05-02T12:27:44-07:00,0,30
style.css,222,css,36586bd5,Yi-Hsuan Kuo,2025-05-02,12:27:44,-07:00,2025-05-02T12:27:44-07:00,0,35
style.css,223,css,36586bd5,Yi-Hsuan Kuo,2025-05-02,12:27:44,-07:00,2025-05-02T12:27:44-07:00,0,0
index.js,1,js,cef161b2,Yi-Hsuan Kuo,2025-04-25,11:52:23,-07:00,2025-04-25T11:52:23-07:00,0,72
index.js,2,js,d35139ff,Yi-Hsuan Kuo,2025-04-25,09:29:37,-07:00,2025-04-25T09:29:37-07:00,0,0
index.js,3,js,d35139ff,Yi-Hsuan Kuo,2025-04-25,09:29:37,-07:00,2025-04-25T09:29:37-07:00,0,55
index.js,4,js,d35139ff,Yi-Hsuan Kuo,2025-04-25,09:29:37,-07:00,2025-04-25T09:29:37-07:00,0,74
index.js,5,js,d35139ff,Yi-Hsuan Kuo,2025-04-25,09:29:37,-07:00,2025-04-25T09:29:37-07:00,0,0
index.js,6,js,d35139ff,Yi-Hsuan Kuo,2025-04-25,09:29:37,-07:00,2025-04-25T09:29:37-07:00,0,61
index.js,7,js,d35139ff,Yi-Hsuan Kuo,2025-04-25,09:29:37,-07:00,2025-04-25T09:29:37-07:00,0,23
index.js,8,js,d35139ff,Yi-Hsuan Kuo,2025-04-25,09:29:37,-07:00,2025-04-25T09:29:37-07:00,0,55
index.js,9,js,d35139ff,Yi-Hsuan Kuo,2025-04-25,09:29:37,-07:00,2025-04-25T09:29:37-07:00,0,0
index.js,10,js,d35139ff,Yi-Hsuan Kuo,2025-04-25,09:29:37,-07:00,2025-04-25T09:29:37-07:00,0,0
index.js,11,js,cef161b2,Yi-Hsuan Kuo,2025-04-25,11:52:23,-07:00,2025-04-25T11:52:23-07:00,0,54
index.js,12,js,cef161b2,Yi-Hsuan Kuo,2025-04-25,11:52:23,-07:00,2025-04-25T11:52:23-07:00,0,23
index.js,13,js,d35139ff,Yi-Hsuan Kuo,2025-04-25,09:29:37,-07:00,2025-04-25T09:29:37-07:00,0,0
index.js,14,js,cef161b2,Yi-Hsuan Kuo,2025-04-25,11:52:23,-07:00,2025-04-25T11:52:23-07:00,0,61
index.js,15,js,d35139ff,Yi-Hsuan Kuo,2025-04-25,09:29:37,-07:00,2025-04-25T09:29:37-07:00,0,0
index.js,16,js,cef161b2,Yi-Hsuan Kuo,2025-04-25,11:52:23,-07:00,2025-04-25T11:52:23-07:00,0,18
index.js,17,js,cef161b2,Yi-Hsuan Kuo,2025-04-25,11:52:23,-07:00,2025-04-25T11:52:23-07:00,0,25
index.js,18,js,cef161b2,Yi-Hsuan Kuo,2025-04-25,11:52:23,-07:00,2025-04-25T11:52:23-07:00,0,3
index.js,19,js,cef161b2,Yi-Hsuan Kuo,2025-04-25,11:52:23,-07:00,2025-04-25T11:52:23-07:00,0,56
index.js,20,js,cef161b2,Yi-Hsuan Kuo,2025-04-25,11:52:23,-07:00,2025-04-25T11:52:23-07:00,0,56
index.js,21,js,cef161b2,Yi-Hsuan Kuo,2025-04-25,11:52:23,-07:00,2025-04-25T11:52:23-07:00,0,50
index.js,22,js,cef161b2,Yi-Hsuan Kuo,2025-04-25,11:52:23,-07:00,2025-04-25T11:52:23-07:00,0,50
index.js,23,js,cef161b2,Yi-Hsuan Kuo,2025-04-25,11:52:23,-07:00,2025-04-25T11:52:23-07:00,0,4
index.js,24,js,cef161b2,Yi-Hsuan Kuo,2025-04-25,11:52:23,-07:00,2025-04-25T11:52:23-07:00,0,1
index.js,25,js,edab188d,Yi-Hsuan Kuo,2025-05-01,01:17:44,-07:00,2025-05-01T01:17:44-07:00,0,0
index.html,1,html,5a5fecdb,Yi-Hsuan Kuo,2025-04-02,22:55:07,-07:00,2025-04-02T22:55:07-07:00,0,14
index.html,2,html,5a5fecdb,Yi-Hsuan Kuo,2025-04-02,22:55:07,-07:00,2025-04-02T22:55:07-07:00,0,15
index.html,3,html,5a5fecdb,Yi-Hsuan Kuo,2025-04-02,22:55:07,-07:00,2025-04-02T22:55:07-07:00,0,5
index.html,4,html,5a5fecdb,Yi-Hsuan Kuo,2025-04-02,22:55:07,-07:00,2025-04-02T22:55:07-07:00,0,21
index.html,5,html,5a5fecdb,Yi-Hsuan Kuo,2025-04-02,22:55:07,-07:00,2025-04-02T22:55:07-07:00,0,69
index.html,6,html,5a5fecdb,Yi-Hsuan Kuo,2025-04-02,22:55:07,-07:00,2025-04-02T22:55:07-07:00,0,55
index.html,7,html,b4a2bd1e,Yi-Hsuan Kuo,2025-04-03,13:44:12,-07:00,2025-04-03T13:44:12-07:00,0,39
index.html,8,html,c53dd06a,Yi-Hsuan Kuo,2025-04-16,16:23:03,-07:00,2025-04-16T16:23:03-07:00,0,46
index.html,9,html,d35139ff,Yi-Hsuan Kuo,2025-04-25,09:29:37,-07:00,2025-04-25T09:29:37-07:00,0,45
index.html,10,html,5a5fecdb,Yi-Hsuan Kuo,2025-04-02,22:55:07,-07:00,2025-04-02T22:55:07-07:00,0,6
index.html,11,html,5a5fecdb,Yi-Hsuan Kuo,2025-04-02,22:55:07,-07:00,2025-04-02T22:55:07-07:00,0,5
index.html,12,html,26a8d70d,Yi-Hsuan Kuo,2025-04-04,10:14:29,-07:00,2025-04-04T10:14:29-07:00,0,20
index.html,13,html,bd50557f,Yi-Hsuan Kuo,2025-04-04,11:09:51,-07:00,2025-04-04T11:09:51-07:00,0,62
index.html,14,html,2a373af9,Yi-Hsuan Kuo,2025-04-02,23:07:15,-07:00,2025-04-02T23:07:15-07:00,0,47
index.html,15,html,cd48e08b,Yi-Hsuan Kuo,2025-04-09,16:34:19,-07:00,2025-04-09T16:34:19-07:00,0,44
index.html,16,html,cd48e08b,Yi-Hsuan Kuo,2025-04-09,16:34:19,-07:00,2025-04-09T16:34:19-07:00,0,123
index.html,17,html,d35139ff,Yi-Hsuan Kuo,2025-04-25,09:29:37,-07:00,2025-04-25T09:29:37-07:00,0,23
index.html,18,html,d35139ff,Yi-Hsuan Kuo,2025-04-25,09:29:37,-07:00,2025-04-25T09:29:37-07:00,0,27
index.html,19,html,d35139ff,Yi-Hsuan Kuo,2025-04-25,09:29:37,-07:00,2025-04-25T09:29:37-07:00,0,28
index.html,20,html,cef161b2,Yi-Hsuan Kuo,2025-04-25,11:52:23,-07:00,2025-04-25T11:52:23-07:00,0,47
index.html,21,html,5a5fecdb,Yi-Hsuan Kuo,2025-04-02,22:55:07,-07:00,2025-04-02T22:55:07-07:00,0,6
index.html,22,html,5a5fecdb,Yi-Hsuan Kuo,2025-04-02,22:55:07,-07:00,2025-04-02T22:55:07-07:00,0,6
global.js,1,js,53bb3c35,Yi-Hsuan Kuo,2025-04-16,16:10:13,-07:00,2025-04-16T16:10:13-07:00,0,26
global.js,2,js,53bb3c35,Yi-Hsuan Kuo,2025-04-16,16:10:13,-07:00,2025-04-16T16:10:13-07:00,0,0
global.js,3,js,53bb3c35,Yi-Hsuan Kuo,2025-04-16,16:10:13,-07:00,2025-04-16T16:10:13-07:00,0,42
global.js,4,js,53bb3c35,Yi-Hsuan Kuo,2025-04-16,16:10:13,-07:00,2025-04-16T16:10:13-07:00,0,53
global.js,5,js,13bd82cc,Yi-Hsuan Kuo,2025-04-16,20:52:00,-07:00,2025-04-16T20:52:00-07:00,0,0
global.js,6,js,13bd82cc,Yi-Hsuan Kuo,2025-04-16,20:52:00,-07:00,2025-04-16T20:52:00-07:00,0,0
global.js,7,js,13bd82cc,Yi-Hsuan Kuo,2025-04-16,20:52:00,-07:00,2025-04-16T20:52:00-07:00,0,12
global.js,8,js,13bd82cc,Yi-Hsuan Kuo,2025-04-16,20:52:00,-07:00,2025-04-16T20:52:00-07:00,0,26
global.js,9,js,13bd82cc,Yi-Hsuan Kuo,2025-04-16,20:52:00,-07:00,2025-04-16T20:52:00-07:00,0,39
global.js,10,js,13bd82cc,Yi-Hsuan Kuo,2025-04-16,20:52:00,-07:00,2025-04-16T20:52:00-07:00,0,37
global.js,11,js,13bd82cc,Yi-Hsuan Kuo,2025-04-16,20:52:00,-07:00,2025-04-16T20:52:00-07:00,0,67
global.js,12,js,00000000,Not Committed Yet,2025-05-07,23:30:20,-07:00,2025-05-07T23:30:20-07:00,0,30
global.js,13,js,00000000,Not Committed Yet,2025-05-07,23:30:20,-07:00,2025-05-07T23:30:20-07:00,0,29
global.js,14,js,13bd82cc,Yi-Hsuan Kuo,2025-04-16,20:52:00,-07:00,2025-04-16T20:52:00-07:00,0,1
global.js,15,js,13bd82cc,Yi-Hsuan Kuo,2025-04-16,20:52:00,-07:00,2025-04-16T20:52:00-07:00,0,0
global.js,16,js,636f48c3,Yi-Hsuan Kuo,2025-04-18,12:13:31,-07:00,2025-04-18T12:13:31-07:00,0,89
global.js,17,js,d35139ff,Yi-Hsuan Kuo,2025-04-25,09:29:37,-07:00,2025-04-25T09:29:37-07:00,0,47
global.js,18,js,194b16b8,Yi-Hsuan Kuo,2025-04-18,12:35:26,-07:00,2025-04-18T12:35:26-07:00,0,77
global.js,19,js,13bd82cc,Yi-Hsuan Kuo,2025-04-16,20:52:00,-07:00,2025-04-16T20:52:00-07:00,0,0
global.js,20,js,13bd82cc,Yi-Hsuan Kuo,2025-04-16,20:52:00,-07:00,2025-04-16T20:52:00-07:00,0,39
global.js,21,js,13bd82cc,Yi-Hsuan Kuo,2025-04-16,20:52:00,-07:00,2025-04-16T20:52:00-07:00,0,26
global.js,22,js,13bd82cc,Yi-Hsuan Kuo,2025-04-16,20:52:00,-07:00,2025-04-16T20:52:00-07:00,0,0
global.js,23,js,13bd82cc,Yi-Hsuan Kuo,2025-04-16,20:52:00,-07:00,2025-04-16T20:52:00-07:00,0,21
global.js,24,js,13bd82cc,Yi-Hsuan Kuo,2025-04-16,20:52:00,-07:00,2025-04-16T20:52:00-07:00,0,15
global.js,25,js,13bd82cc,Yi-Hsuan Kuo,2025-04-16,20:52:00,-07:00,2025-04-16T20:52:00-07:00,0,19
global.js,26,js,a0ee4f0e,Yi-Hsuan Kuo,2025-04-18,12:25:29,-07:00,2025-04-18T12:25:29-07:00,0,29
global.js,27,js,a0ee4f0e,Yi-Hsuan Kuo,2025-04-18,12:25:29,-07:00,2025-04-18T12:25:29-07:00,0,21
global.js,28,js,a0ee4f0e,Yi-Hsuan Kuo,2025-04-18,12:25:29,-07:00,2025-04-18T12:25:29-07:00,0,0
global.js,29,js,13bd82cc,Yi-Hsuan Kuo,2025-04-16,20:52:00,-07:00,2025-04-16T20:52:00-07:00,0,35
global.js,30,js,13bd82cc,Yi-Hsuan Kuo,2025-04-16,20:52:00,-07:00,2025-04-16T20:52:00-07:00,0,12
global.js,31,js,13bd82cc,Yi-Hsuan Kuo,2025-04-16,20:52:00,-07:00,2025-04-16T20:52:00-07:00,0,21
global.js,32,js,13bd82cc,Yi-Hsuan Kuo,2025-04-16,20:52:00,-07:00,2025-04-16T20:52:00-07:00,0,66
global.js,33,js,13bd82cc,Yi-Hsuan Kuo,2025-04-16,20:52:00,-07:00,2025-04-16T20:52:00-07:00,0,26
global.js,34,js,13bd82cc,Yi-Hsuan Kuo,2025-04-16,20:52:00,-07:00,2025-04-16T20:52:00-07:00,0,0
global.js,35,js,13bd82cc,Yi-Hsuan Kuo,2025-04-16,20:52:00,-07:00,2025-04-16T20:52:00-07:00,0,29
global.js,36,js,13bd82cc,Yi-Hsuan Kuo,2025-04-16,20:52:00,-07:00,2025-04-16T20:52:00-07:00,0,19
global.js,37,js,13bd82cc,Yi-Hsuan Kuo,2025-04-16,20:52:00,-07:00,2025-04-16T20:52:00-07:00,0,0
global.js,38,js,13bd82cc,Yi-Hsuan Kuo,2025-04-16,20:52:00,-07:00,2025-04-16T20:52:00-07:00,0,13
global.js,39,js,60797651,Yi-Hsuan Kuo,2025-04-18,11:58:25,-07:00,2025-04-18T11:58:25-07:00,0,0
global.js,40,js,60797651,Yi-Hsuan Kuo,2025-04-18,11:58:25,-07:00,2025-04-18T11:58:25-07:00,0,0
global.js,41,js,d35139ff,Yi-Hsuan Kuo,2025-04-25,09:29:37,-07:00,2025-04-25T09:29:37-07:00,0,0
global.js,42,js,60797651,Yi-Hsuan Kuo,2025-04-18,11:58:25,-07:00,2025-04-18T11:58:25-07:00,0,32
global.js,43,js,60797651,Yi-Hsuan Kuo,2025-04-18,11:58:25,-07:00,2025-04-18T11:58:25-07:00,0,12
global.js,44,js,60797651,Yi-Hsuan Kuo,2025-04-18,11:58:25,-07:00,2025-04-18T11:58:25-07:00,0,0
global.js,45,js,60797651,Yi-Hsuan Kuo,2025-04-18,11:58:25,-07:00,2025-04-18T11:58:25-07:00,0,27
global.js,46,js,60797651,Yi-Hsuan Kuo,2025-04-18,11:58:25,-07:00,2025-04-18T11:58:25-07:00,0,5
global.js,47,js,60797651,Yi-Hsuan Kuo,2025-04-18,11:58:25,-07:00,2025-04-18T11:58:25-07:00,0,7
global.js,48,js,60797651,Yi-Hsuan Kuo,2025-04-18,11:58:25,-07:00,2025-04-18T11:58:25-07:00,0,39
global.js,49,js,60797651,Yi-Hsuan Kuo,2025-04-18,11:58:25,-07:00,2025-04-18T11:58:25-07:00,0,35
global.js,50,js,60797651,Yi-Hsuan Kuo,2025-04-18,11:58:25,-07:00,2025-04-18T11:58:25-07:00,0,33
global.js,51,js,60797651,Yi-Hsuan Kuo,2025-04-18,11:58:25,-07:00,2025-04-18T11:58:25-07:00,0,8
global.js,52,js,60797651,Yi-Hsuan Kuo,2025-04-18,11:58:25,-07:00,2025-04-18T11:58:25-07:00,0,8
global.js,53,js,60797651,Yi-Hsuan Kuo,2025-04-18,11:58:25,-07:00,2025-04-18T11:58:25-07:00,0,1
global.js,54,js,60797651,Yi-Hsuan Kuo,2025-04-18,11:58:25,-07:00,2025-04-18T11:58:25-07:00,0,0
global.js,55,js,60797651,Yi-Hsuan Kuo,2025-04-18,11:58:25,-07:00,2025-04-18T11:58:25-07:00,0,61
global.js,56,js,60797651,Yi-Hsuan Kuo,2025-04-18,11:58:25,-07:00,2025-04-18T11:58:25-07:00,0,0
global.js,57,js,60797651,Yi-Hsuan Kuo,2025-04-18,11:58:25,-07:00,2025-04-18T11:58:25-07:00,0,55
global.js,58,js,60797651,Yi-Hsuan Kuo,2025-04-18,11:58:25,-07:00,2025-04-18T11:58:25-07:00,0,17
global.js,59,js,60797651,Yi-Hsuan Kuo,2025-04-18,11:58:25,-07:00,2025-04-18T11:58:25-07:00,0,71
global.js,60,js,60797651,Yi-Hsuan Kuo,2025-04-18,11:58:25,-07:00,2025-04-18T11:58:25-07:00,0,26
global.js,61,js,60797651,Yi-Hsuan Kuo,2025-04-18,11:58:25,-07:00,2025-04-18T11:58:25-07:00,0,0
global.js,62,js,60797651,Yi-Hsuan Kuo,2025-04-18,11:58:25,-07:00,2025-04-18T11:58:25-07:00,0,0
global.js,63,js,60797651,Yi-Hsuan Kuo,2025-04-18,11:58:25,-07:00,2025-04-18T11:58:25-07:00,0,44
global.js,64,js,60797651,Yi-Hsuan Kuo,2025-04-18,11:58:25,-07:00,2025-04-18T11:58:25-07:00,0,41
global.js,65,js,60797651,Yi-Hsuan Kuo,2025-04-18,11:58:25,-07:00,2025-04-18T11:58:25-07:00,0,74
global.js,66,js,60797651,Yi-Hsuan Kuo,2025-04-18,11:58:25,-07:00,2025-04-18T11:58:25-07:00,0,51
global.js,67,js,60797651,Yi-Hsuan Kuo,2025-04-18,11:58:25,-07:00,2025-04-18T11:58:25-07:00,0,2
global.js,68,js,e428e7f2,Yi-Hsuan Kuo,2025-04-24,13:51:11,-07:00,2025-04-24T13:51:11-07:00,0,0
global.js,69,js,d35139ff,Yi-Hsuan Kuo,2025-04-25,09:29:37,-07:00,2025-04-25T09:29:37-07:00,0,37
global.js,70,js,e428e7f2,Yi-Hsuan Kuo,2025-04-24,13:51:11,-07:00,2025-04-24T13:51:11-07:00,0,4
global.js,71,js,e428e7f2,Yi-Hsuan Kuo,2025-04-24,13:51:11,-07:00,2025-04-24T13:51:11-07:00,0,33
global.js,72,js,e428e7f2,Yi-Hsuan Kuo,2025-04-24,13:51:11,-07:00,2025-04-24T13:51:11-07:00,0,18
global.js,73,js,e428e7f2,Yi-Hsuan Kuo,2025-04-24,13:51:11,-07:00,2025-04-24T13:51:11-07:00,0,67
global.js,74,js,e428e7f2,Yi-Hsuan Kuo,2025-04-24,13:51:11,-07:00,2025-04-24T13:51:11-07:00,0,0
global.js,75,js,d35139ff,Yi-Hsuan Kuo,2025-04-25,09:29:37,-07:00,2025-04-25T09:29:37-07:00,0,47
global.js,76,js,d35139ff,Yi-Hsuan Kuo,2025-04-25,09:29:37,-07:00,2025-04-25T09:29:37-07:00,0,21
global.js,77,js,d35139ff,Yi-Hsuan Kuo,2025-04-25,09:29:37,-07:00,2025-04-25T09:29:37-07:00,0,34
global.js,78,js,d35139ff,Yi-Hsuan Kuo,2025-04-25,09:29:37,-07:00,2025-04-25T09:29:37-07:00,0,11
global.js,79,js,e428e7f2,Yi-Hsuan Kuo,2025-04-24,13:51:11,-07:00,2025-04-24T13:51:11-07:00,0,16
global.js,80,js,e428e7f2,Yi-Hsuan Kuo,2025-04-24,13:51:11,-07:00,2025-04-24T13:51:11-07:00,0,60
global.js,81,js,e428e7f2,Yi-Hsuan Kuo,2025-04-24,13:51:11,-07:00,2025-04-24T13:51:11-07:00,0,0
global.js,82,js,d35139ff,Yi-Hsuan Kuo,2025-04-25,09:29:37,-07:00,2025-04-25T09:29:37-07:00,0,0
global.js,83,js,d35139ff,Yi-Hsuan Kuo,2025-04-25,09:29:37,-07:00,2025-04-25T09:29:37-07:00,0,0
global.js,84,js,d35139ff,Yi-Hsuan Kuo,2025-04-25,09:29:37,-07:00,2025-04-25T09:29:37-07:00,0,80
global.js,85,js,d35139ff,Yi-Hsuan Kuo,2025-04-25,09:29:37,-07:00,2025-04-25T09:29:37-07:00,0,31
global.js,86,js,d35139ff,Yi-Hsuan Kuo,2025-04-25,09:29:37,-07:00,2025-04-25T09:29:37-07:00,0,32
global.js,87,js,d35139ff,Yi-Hsuan Kuo,2025-04-25,09:29:37,-07:00,2025-04-25T09:29:37-07:00,0,49
global.js,88,js,d35139ff,Yi-Hsuan Kuo,2025-04-25,09:29:37,-07:00,2025-04-25T09:29:37-07:00,0,49
global.js,89,js,d35139ff,Yi-Hsuan Kuo,2025-04-25,09:29:37,-07:00,2025-04-25T09:29:37-07:00,0,80
global.js,90,js,d35139ff,Yi-Hsuan Kuo,2025-04-25,09:29:37,-07:00,2025-04-25T09:29:37-07:00,0,45
global.js,91,js,36586bd5,Yi-Hsuan Kuo,2025-05-02,12:27:44,-07:00,2025-05-02T12:27:44-07:00,0,31
global.js,92,js,d35139ff,Yi-Hsuan Kuo,2025-04-25,09:29:37,-07:00,2025-04-25T09:29:37-07:00,0,0
global.js,93,js,d35139ff,Yi-Hsuan Kuo,2025-04-25,09:29:37,-07:00,2025-04-25T09:29:37-07:00,0,20
global.js,94,js,d35139ff,Yi-Hsuan Kuo,2025-04-25,09:29:37,-07:00,2025-04-25T09:29:37-07:00,0,42
global.js,95,js,d35139ff,Yi-Hsuan Kuo,2025-04-25,09:29:37,-07:00,2025-04-25T09:29:37-07:00,0,7
global.js,96,js,36586bd5,Yi-Hsuan Kuo,2025-05-02,12:27:44,-07:00,2025-05-02T12:27:44-07:00,0,4
global.js,97,js,36586bd5,Yi-Hsuan Kuo,2025-05-02,12:27:44,-07:00,2025-05-02T12:27:44-07:00,0,20
global.js,98,js,36586bd5,Yi-Hsuan Kuo,2025-05-02,12:27:44,-07:00,2025-05-02T12:27:44-07:00,0,94
global.js,99,js,36586bd5,Yi-Hsuan Kuo,2025-05-02,12:27:44,-07:00,2025-05-02T12:27:44-07:00,0,5
global.js,100,js,d35139ff,Yi-Hsuan Kuo,2025-04-25,09:29:37,-07:00,2025-04-25T09:29:37-07:00,0,1
global.js,101,js,d35139ff,Yi-Hsuan Kuo,2025-04-25,09:29:37,-07:00,2025-04-25T09:29:37-07:00,0,37
global.js,102,js,d35139ff,Yi-Hsuan Kuo,2025-04-25,09:29:37,-07:00,2025-04-25T09:29:37-07:00,0,0
global.js,103,js,d35139ff,Yi-Hsuan Kuo,2025-04-25,09:29:37,-07:00,2025-04-25T09:29:37-07:00,0,0
global.js,104,js,d35139ff,Yi-Hsuan Kuo,2025-04-25,09:29:37,-07:00,2025-04-25T09:29:37-07:00,0,0
global.js,105,js,d35139ff,Yi-Hsuan Kuo,2025-04-25,09:29:37,-07:00,2025-04-25T09:29:37-07:00,0,48
global.js,106,js,d35139ff,Yi-Hsuan Kuo,2025-04-25,09:29:37,-07:00,2025-04-25T09:29:37-07:00,0,60
global.js,107,js,e428e7f2,Yi-Hsuan Kuo,2025-04-24,13:51:11,-07:00,2025-04-24T13:51:11-07:00,0,0
projects/projects.js,1,js,d35139ff,Yi-Hsuan Kuo,2025-04-25,09:29:37,-07:00,2025-04-25T09:29:37-07:00,0,56
projects/projects.js,2,js,36586bd5,Yi-Hsuan Kuo,2025-05-02,12:27:44,-07:00,2025-05-02T12:27:44-07:00,0,64
projects/projects.js,3,js,d35139ff,Yi-Hsuan Kuo,2025-04-25,09:29:37,-07:00,2025-04-25T09:29:37-07:00,0,0
projects/projects.js,4,js,36586bd5,Yi-Hsuan Kuo,2025-05-02,12:27:44,-07:00,2025-05-02T12:27:44-07:00,0,54
projects/projects.js,5,js,d35139ff,Yi-Hsuan Kuo,2025-04-25,09:29:37,-07:00,2025-04-25T09:29:37-07:00,0,61
projects/projects.js,6,js,36586bd5,Yi-Hsuan Kuo,2025-05-02,12:27:44,-07:00,2025-05-02T12:27:44-07:00,0,62
projects/projects.js,7,js,36586bd5,Yi-Hsuan Kuo,2025-05-02,12:27:44,-07:00,2025-05-02T12:27:44-07:00,0,49
projects/projects.js,8,js,d35139ff,Yi-Hsuan Kuo,2025-04-25,09:29:37,-07:00,2025-04-25T09:29:37-07:00,0,0
projects/projects.js,9,js,36586bd5,Yi-Hsuan Kuo,2025-05-02,12:27:44,-07:00,2025-05-02T12:27:44-07:00,0,82
projects/projects.js,10,js,36586bd5,Yi-Hsuan Kuo,2025-05-02,12:27:44,-07:00,2025-05-02T12:27:44-07:00,0,53
projects/projects.js,11,js,36586bd5,Yi-Hsuan Kuo,2025-05-02,12:27:44,-07:00,2025-05-02T12:27:44-07:00,0,32
projects/projects.js,12,js,36586bd5,Yi-Hsuan Kuo,2025-05-02,12:27:44,-07:00,2025-05-02T12:27:44-07:00,0,60
projects/projects.js,13,js,36586bd5,Yi-Hsuan Kuo,2025-05-02,12:27:44,-07:00,2025-05-02T12:27:44-07:00,0,43
projects/projects.js,14,js,36586bd5,Yi-Hsuan Kuo,2025-05-02,12:27:44,-07:00,2025-05-02T12:27:44-07:00,0,2
projects/projects.js,15,js,36586bd5,Yi-Hsuan Kuo,2025-05-02,12:27:44,-07:00,2025-05-02T12:27:44-07:00,0,0
projects/projects.js,16,js,d35139ff,Yi-Hsuan Kuo,2025-04-25,09:29:37,-07:00,2025-04-25T09:29:37-07:00,0,0
projects/projects.js,17,js,36586bd5,Yi-Hsuan Kuo,2025-05-02,12:27:44,-07:00,2025-05-02T12:27:44-07:00,0,29
projects/projects.js,18,js,36586bd5,Yi-Hsuan Kuo,2025-05-02,12:27:44,-07:00,2025-05-02T12:27:44-07:00,0,39
projects/projects.js,19,js,36586bd5,Yi-Hsuan Kuo,2025-05-02,12:27:44,-07:00,2025-05-02T12:27:44-07:00,0,17
projects/projects.js,20,js,36586bd5,Yi-Hsuan Kuo,2025-05-02,12:27:44,-07:00,2025-05-02T12:27:44-07:00,0,30
projects/projects.js,21,js,36586bd5,Yi-Hsuan Kuo,2025-05-02,12:27:44,-07:00,2025-05-02T12:27:44-07:00,0,13
projects/projects.js,22,js,36586bd5,Yi-Hsuan Kuo,2025-05-02,12:27:44,-07:00,2025-05-02T12:27:44-07:00,0,13
projects/projects.js,23,js,36586bd5,Yi-Hsuan Kuo,2025-05-02,12:27:44,-07:00,2025-05-02T12:27:44-07:00,0,11
projects/projects.js,24,js,36586bd5,Yi-Hsuan Kuo,2025-05-02,12:27:44,-07:00,2025-05-02T12:27:44-07:00,0,1
projects/projects.js,25,js,36586bd5,Yi-Hsuan Kuo,2025-05-02,12:27:44,-07:00,2025-05-02T12:27:44-07:00,0,83
projects/projects.js,26,js,d35139ff,Yi-Hsuan Kuo,2025-04-25,09:29:37,-07:00,2025-04-25T09:29:37-07:00,0,0
projects/projects.js,27,js,36586bd5,Yi-Hsuan Kuo,2025-05-02,12:27:44,-07:00,2025-05-02T12:27:44-07:00,0,27
projects/projects.js,28,js,36586bd5,Yi-Hsuan Kuo,2025-05-02,12:27:44,-07:00,2025-05-02T12:27:44-07:00,0,52
projects/projects.js,29,js,36586bd5,Yi-Hsuan Kuo,2025-05-02,12:27:44,-07:00,2025-05-02T12:27:44-07:00,0,43
projects/projects.js,30,js,36586bd5,Yi-Hsuan Kuo,2025-05-02,12:27:44,-07:00,2025-05-02T12:27:44-07:00,0,58
projects/projects.js,31,js,36586bd5,Yi-Hsuan Kuo,2025-05-02,12:27:44,-07:00,2025-05-02T12:27:44-07:00,0,48
projects/projects.js,32,js,36586bd5,Yi-Hsuan Kuo,2025-05-02,12:27:44,-07:00,2025-05-02T12:27:44-07:00,0,0
projects/projects.js,33,js,36586bd5,Yi-Hsuan Kuo,2025-05-02,12:27:44,-07:00,2025-05-02T12:27:44-07:00,0,52
projects/projects.js,34,js,36586bd5,Yi-Hsuan Kuo,2025-05-02,12:27:44,-07:00,2025-05-02T12:27:44-07:00,0,33
projects/projects.js,35,js,36586bd5,Yi-Hsuan Kuo,2025-05-02,12:27:44,-07:00,2025-05-02T12:27:44-07:00,0,35
projects/projects.js,36,js,36586bd5,Yi-Hsuan Kuo,2025-05-02,12:27:44,-07:00,2025-05-02T12:27:44-07:00,0,0
projects/projects.js,37,js,36586bd5,Yi-Hsuan Kuo,2025-05-02,12:27:44,-07:00,2025-05-02T12:27:44-07:00,0,49
projects/projects.js,38,js,36586bd5,Yi-Hsuan Kuo,2025-05-02,12:27:44,-07:00,2025-05-02T12:27:44-07:00,0,25
projects/projects.js,39,js,36586bd5,Yi-Hsuan Kuo,2025-05-02,12:27:44,-07:00,2025-05-02T12:27:44-07:00,0,16
projects/projects.js,40,js,36586bd5,Yi-Hsuan Kuo,2025-05-02,12:27:44,-07:00,2025-05-02T12:27:44-07:00,0,7
projects/projects.js,41,js,36586bd5,Yi-Hsuan Kuo,2025-05-02,12:27:44,-07:00,2025-05-02T12:27:44-07:00,0,14
projects/projects.js,42,js,36586bd5,Yi-Hsuan Kuo,2025-05-02,12:27:44,-07:00,2025-05-02T12:27:44-07:00,0,23
projects/projects.js,43,js,36586bd5,Yi-Hsuan Kuo,2025-05-02,12:27:44,-07:00,2025-05-02T12:27:44-07:00,0,37
projects/projects.js,44,js,36586bd5,Yi-Hsuan Kuo,2025-05-02,12:27:44,-07:00,2025-05-02T12:27:44-07:00,0,66
projects/projects.js,45,js,36586bd5,Yi-Hsuan Kuo,2025-05-02,12:27:44,-07:00,2025-05-02T12:27:44-07:00,0,33
projects/projects.js,46,js,36586bd5,Yi-Hsuan Kuo,2025-05-02,12:27:44,-07:00,2025-05-02T12:27:44-07:00,0,18
projects/projects.js,47,js,36586bd5,Yi-Hsuan Kuo,2025-05-02,12:27:44,-07:00,2025-05-02T12:27:44-07:00,0,33
projects/projects.js,48,js,36586bd5,Yi-Hsuan Kuo,2025-05-02,12:27:44,-07:00,2025-05-02T12:27:44-07:00,0,48
projects/projects.js,49,js,36586bd5,Yi-Hsuan Kuo,2025-05-02,12:27:44,-07:00,2025-05-02T12:27:44-07:00,0,0
projects/projects.js,50,js,36586bd5,Yi-Hsuan Kuo,2025-05-02,12:27:44,-07:00,2025-05-02T12:27:44-07:00,0,21
projects/projects.js,51,js,36586bd5,Yi-Hsuan Kuo,2025-05-02,12:27:44,-07:00,2025-05-02T12:27:44-07:00,0,25
projects/projects.js,52,js,36586bd5,Yi-Hsuan Kuo,2025-05-02,12:27:44,-07:00,2025-05-02T12:27:44-07:00,0,63
projects/projects.js,53,js,36586bd5,Yi-Hsuan Kuo,2025-05-02,12:27:44,-07:00,2025-05-02T12:27:44-07:00,0,0
projects/projects.js,54,js,36586bd5,Yi-Hsuan Kuo,2025-05-02,12:27:44,-07:00,2025-05-02T12:27:44-07:00,0,28
projects/projects.js,55,js,36586bd5,Yi-Hsuan Kuo,2025-05-02,12:27:44,-07:00,2025-05-02T12:27:44-07:00,0,26
projects/projects.js,56,js,36586bd5,Yi-Hsuan Kuo,2025-05-02,12:27:44,-07:00,2025-05-02T12:27:44-07:00,0,54
projects/projects.js,57,js,36586bd5,Yi-Hsuan Kuo,2025-05-02,12:27:44,-07:00,2025-05-02T12:27:44-07:00,0,79
projects/projects.js,58,js,36586bd5,Yi-Hsuan Kuo,2025-05-02,12:27:44,-07:00,2025-05-02T12:27:44-07:00,0,7
projects/projects.js,59,js,36586bd5,Yi-Hsuan Kuo,2025-05-02,12:27:44,-07:00,2025-05-02T12:27:44-07:00,0,50
projects/projects.js,60,js,36586bd5,Yi-Hsuan Kuo,2025-05-02,12:27:44,-07:00,2025-05-02T12:27:44-07:00,0,68
projects/projects.js,61,js,36586bd5,Yi-Hsuan Kuo,2025-05-02,12:27:44,-07:00,2025-05-02T12:27:44-07:00,0,49
projects/projects.js,62,js,36586bd5,Yi-Hsuan Kuo,2025-05-02,12:27:44,-07:00,2025-05-02T12:27:44-07:00,0,74
projects/projects.js,63,js,36586bd5,Yi-Hsuan Kuo,2025-05-02,12:27:44,-07:00,2025-05-02T12:27:44-07:00,0,0
projects/projects.js,64,js,36586bd5,Yi-Hsuan Kuo,2025-05-02,12:27:44,-07:00,2025-05-02T12:27:44-07:00,0,2
projects/projects.js,65,js,36586bd5,Yi-Hsuan Kuo,2025-05-02,12:27:44,-07:00,2025-05-02T12:27:44-07:00,0,0
projects/projects.js,66,js,36586bd5,Yi-Hsuan Kuo,2025-05-02,12:27:44,-07:00,2025-05-02T12:27:44-07:00,0,18
projects/projects.js,67,js,36586bd5,Yi-Hsuan Kuo,2025-05-02,12:27:44,-07:00,2025-05-02T12:27:44-07:00,0,45
projects/projects.js,68,js,36586bd5,Yi-Hsuan Kuo,2025-05-02,12:27:44,-07:00,2025-05-02T12:27:44-07:00,0,33
projects/projects.js,69,js,36586bd5,Yi-Hsuan Kuo,2025-05-02,12:27:44,-07:00,2025-05-02T12:27:44-07:00,0,28
projects/projects.js,70,js,36586bd5,Yi-Hsuan Kuo,2025-05-02,12:27:44,-07:00,2025-05-02T12:27:44-07:00,0,18
projects/projects.js,71,js,36586bd5,Yi-Hsuan Kuo,2025-05-02,12:27:44,-07:00,2025-05-02T12:27:44-07:00,0,35
projects/projects.js,72,js,36586bd5,Yi-Hsuan Kuo,2025-05-02,12:27:44,-07:00,2025-05-02T12:27:44-07:00,0,28
projects/projects.js,73,js,36586bd5,Yi-Hsuan Kuo,2025-05-02,12:27:44,-07:00,2025-05-02T12:27:44-07:00,0,26
projects/projects.js,74,js,36586bd5,Yi-Hsuan Kuo,2025-05-02,12:27:44,-07:00,2025-05-02T12:27:44-07:00,0,0
projects/projects.js,75,js,36586bd5,Yi-Hsuan Kuo,2025-05-02,12:27:44,-07:00,2025-05-02T12:27:44-07:00,0,77
projects/projects.js,76,js,36586bd5,Yi-Hsuan Kuo,2025-05-02,12:27:44,-07:00,2025-05-02T12:27:44-07:00,0,70
projects/projects.js,77,js,36586bd5,Yi-Hsuan Kuo,2025-05-02,12:27:44,-07:00,2025-05-02T12:27:44-07:00,0,2
projects/projects.js,78,js,d35139ff,Yi-Hsuan Kuo,2025-04-25,09:29:37,-07:00,2025-04-25T09:29:37-07:00,0,0
projects/projects.js,79,js,d35139ff,Yi-Hsuan Kuo,2025-04-25,09:29:37,-07:00,2025-04-25T09:29:37-07:00,0,0
projects/projects.js,80,js,36586bd5,Yi-Hsuan Kuo,2025-05-02,12:27:44,-07:00,2025-05-02T12:27:44-07:00,0,24
projects/projects.js,81,js,36586bd5,Yi-Hsuan Kuo,2025-05-02,12:27:44,-07:00,2025-05-02T12:27:44-07:00,0,49
projects/projects.js,82,js,36586bd5,Yi-Hsuan Kuo,2025-05-02,12:27:44,-07:00,2025-05-02T12:27:44-07:00,0,74
projects/projects.js,83,js,36586bd5,Yi-Hsuan Kuo,2025-05-02,12:27:44,-07:00,2025-05-02T12:27:44-07:00,0,24
projects/projects.js,84,js,36586bd5,Yi-Hsuan Kuo,2025-05-02,12:27:44,-07:00,2025-05-02T12:27:44-07:00,0,0
projects/projects.js,85,js,36586bd5,Yi-Hsuan Kuo,2025-05-02,12:27:44,-07:00,2025-05-02T12:27:44-07:00,0,28
projects/projects.js,86,js,36586bd5,Yi-Hsuan Kuo,2025-05-02,12:27:44,-07:00,2025-05-02T12:27:44-07:00,0,54
projects/projects.js,87,js,36586bd5,Yi-Hsuan Kuo,2025-05-02,12:27:44,-07:00,2025-05-02T12:27:44-07:00,0,49
projects/projects.js,88,js,36586bd5,Yi-Hsuan Kuo,2025-05-02,12:27:44,-07:00,2025-05-02T12:27:44-07:00,0,30
projects/projects.js,89,js,36586bd5,Yi-Hsuan Kuo,2025-05-02,12:27:44,-07:00,2025-05-02T12:27:44-07:00,0,49
projects/projects.js,90,js,36586bd5,Yi-Hsuan Kuo,2025-05-02,12:27:44,-07:00,2025-05-02T12:27:44-07:00,0,0
projects/projects.js,91,js,36586bd5,Yi-Hsuan Kuo,2025-05-02,12:27:44,-07:00,2025-05-02T12:27:44-07:00,0,27
projects/projects.js,92,js,36586bd5,Yi-Hsuan Kuo,2025-05-02,12:27:44,-07:00,2025-05-02T12:27:44-07:00,0,18
projects/projects.js,93,js,36586bd5,Yi-Hsuan Kuo,2025-05-02,12:27:44,-07:00,2025-05-02T12:27:44-07:00,0,0
projects/projects.js,94,js,36586bd5,Yi-Hsuan Kuo,2025-05-02,12:27:44,-07:00,2025-05-02T12:27:44-07:00,0,40
projects/projects.js,95,js,36586bd5,Yi-Hsuan Kuo,2025-05-02,12:27:44,-07:00,2025-05-02T12:27:44-07:00,0,57
projects/projects.js,96,js,36586bd5,Yi-Hsuan Kuo,2025-05-02,12:27:44,-07:00,2025-05-02T12:27:44-07:00,0,32
projects/projects.js,97,js,36586bd5,Yi-Hsuan Kuo,2025-05-02,12:27:44,-07:00,2025-05-02T12:27:44-07:00,0,0
projects/projects.js,98,js,36586bd5,Yi-Hsuan Kuo,2025-05-02,12:27:44,-07:00,2025-05-02T12:27:44-07:00,0,39
projects/projects.js,99,js,36586bd5,Yi-Hsuan Kuo,2025-05-02,12:27:44,-07:00,2025-05-02T12:27:44-07:00,0,18
projects/projects.js,100,js,36586bd5,Yi-Hsuan Kuo,2025-05-02,12:27:44,-07:00,2025-05-02T12:27:44-07:00,0,64
projects/projects.js,101,js,36586bd5,Yi-Hsuan Kuo,2025-05-02,12:27:44,-07:00,2025-05-02T12:27:44-07:00,0,0
projects/projects.js,102,js,36586bd5,Yi-Hsuan Kuo,2025-05-02,12:27:44,-07:00,2025-05-02T12:27:44-07:00,0,2
projects/index.html,1,html,b4a2bd1e,Yi-Hsuan Kuo,2025-04-03,13:44:12,-07:00,2025-04-03T13:44:12-07:00,0,14
projects/index.html,2,html,b4a2bd1e,Yi-Hsuan Kuo,2025-04-03,13:44:12,-07:00,2025-04-03T13:44:12-07:00,0,15
projects/index.html,3,html,b4a2bd1e,Yi-Hsuan Kuo,2025-04-03,13:44:12,-07:00,2025-04-03T13:44:12-07:00,0,5
projects/index.html,4,html,b4a2bd1e,Yi-Hsuan Kuo,2025-04-03,13:44:12,-07:00,2025-04-03T13:44:12-07:00,0,21
projects/index.html,5,html,b4a2bd1e,Yi-Hsuan Kuo,2025-04-03,13:44:12,-07:00,2025-04-03T13:44:12-07:00,0,69
projects/index.html,6,html,d29d11e8,Yi-Hsuan Kuo,2025-04-04,00:03:26,-07:00,2025-04-04T00:03:26-07:00,0,21
projects/index.html,7,html,cd48e08b,Yi-Hsuan Kuo,2025-04-09,16:34:19,-07:00,2025-04-09T16:34:19-07:00,0,42
projects/index.html,8,html,c53dd06a,Yi-Hsuan Kuo,2025-04-16,16:23:03,-07:00,2025-04-16T16:23:03-07:00,0,49
projects/index.html,9,html,b4a2bd1e,Yi-Hsuan Kuo,2025-04-03,13:44:12,-07:00,2025-04-03T13:44:12-07:00,0,6
projects/index.html,10,html,b4a2bd1e,Yi-Hsuan Kuo,2025-04-03,13:44:12,-07:00,2025-04-03T13:44:12-07:00,0,5
projects/index.html,11,html,d35139ff,Yi-Hsuan Kuo,2025-04-25,09:29:37,-07:00,2025-04-25T09:29:37-07:00,0,38
projects/index.html,12,html,36586bd5,Yi-Hsuan Kuo,2025-05-02,12:27:44,-07:00,2025-05-02T12:27:44-07:00,0,22
projects/index.html,13,html,36586bd5,Yi-Hsuan Kuo,2025-05-02,12:27:44,-07:00,2025-05-02T12:27:44-07:00,0,59
projects/index.html,14,html,36586bd5,Yi-Hsuan Kuo,2025-05-02,12:27:44,-07:00,2025-05-02T12:27:44-07:00,0,23
projects/index.html,15,html,36586bd5,Yi-Hsuan Kuo,2025-05-02,12:27:44,-07:00,2025-05-02T12:27:44-07:00,0,5
projects/index.html,16,html,36586bd5,Yi-Hsuan Kuo,2025-05-02,12:27:44,-07:00,2025-05-02T12:27:44-07:00,0,5
projects/index.html,17,html,36586bd5,Yi-Hsuan Kuo,2025-05-02,12:27:44,-07:00,2025-05-02T12:27:44-07:00,0,16
projects/index.html,18,html,36586bd5,Yi-Hsuan Kuo,2025-05-02,12:27:44,-07:00,2025-05-02T12:27:44-07:00,0,12
projects/index.html,19,html,36586bd5,Yi-Hsuan Kuo,2025-05-02,12:27:44,-07:00,2025-05-02T12:27:44-07:00,0,27
projects/index.html,20,html,36586bd5,Yi-Hsuan Kuo,2025-05-02,12:27:44,-07:00,2025-05-02T12:27:44-07:00,0,32
projects/index.html,21,html,36586bd5,Yi-Hsuan Kuo,2025-05-02,12:27:44,-07:00,2025-05-02T12:27:44-07:00,0,1
projects/index.html,22,html,cd48e08b,Yi-Hsuan Kuo,2025-04-09,16:34:19,-07:00,2025-04-09T16:34:19-07:00,0,21
projects/index.html,23,html,36586bd5,Yi-Hsuan Kuo,2025-05-02,12:27:44,-07:00,2025-05-02T12:27:44-07:00,0,16
projects/index.html,24,html,d35139ff,Yi-Hsuan Kuo,2025-04-25,09:29:37,-07:00,2025-04-25T09:29:37-07:00,0,49
projects/index.html,25,html,d35139ff,Yi-Hsuan Kuo,2025-04-25,09:29:37,-07:00,2025-04-25T09:29:37-07:00,0,48
projects/index.html,26,html,cd48e08b,Yi-Hsuan Kuo,2025-04-09,16:34:19,-07:00,2025-04-09T16:34:19-07:00,0,5
projects/index.html,27,html,b4a2bd1e,Yi-Hsuan Kuo,2025-04-03,13:44:12,-07:00,2025-04-03T13:44:12-07:00,0,6
projects/index.html,28,html,b4a2bd1e,Yi-Hsuan Kuo,2025-04-03,13:44:12,-07:00,2025-04-03T13:44:12-07:00,0,6
cv/index.html,1,html,1c814fc3,Yi-Hsuan Kuo,2025-04-04,10:04:15,-07:00,2025-04-04T10:04:15-07:00,0,14
cv/index.html,2,html,1c814fc3,Yi-Hsuan Kuo,2025-04-04,10:04:15,-07:00,2025-04-04T10:04:15-07:00,0,15
cv/index.html,3,html,1c814fc3,Yi-Hsuan Kuo,2025-04-04,10:04:15,-07:00,2025-04-04T10:04:15-07:00,0,5
cv/index.html,4,html,1c814fc3,Yi-Hsuan Kuo,2025-04-04,10:04:15,-07:00,2025-04-04T10:04:15-07:00,0,21
cv/index.html,5,html,1c814fc3,Yi-Hsuan Kuo,2025-04-04,10:04:15,-07:00,2025-04-04T10:04:15-07:00,0,69
cv/index.html,6,html,1c814fc3,Yi-Hsuan Kuo,2025-04-04,10:04:15,-07:00,2025-04-04T10:04:15-07:00,0,19
cv/index.html,7,html,cd48e08b,Yi-Hsuan Kuo,2025-04-09,16:34:19,-07:00,2025-04-09T16:34:19-07:00,0,42
cv/index.html,8,html,c53dd06a,Yi-Hsuan Kuo,2025-04-16,16:23:03,-07:00,2025-04-16T16:23:03-07:00,0,49
cv/index.html,9,html,1c814fc3,Yi-Hsuan Kuo,2025-04-04,10:04:15,-07:00,2025-04-04T10:04:15-07:00,0,6
cv/index.html,10,html,1c814fc3,Yi-Hsuan Kuo,2025-04-04,10:04:15,-07:00,2025-04-04T10:04:15-07:00,0,5
cv/index.html,11,html,8e07a945,Yi-Hsuan Kuo,2025-04-10,12:51:05,-07:00,2025-04-10T12:51:05-07:00,0,71
cv/index.html,12,html,8e07a945,Yi-Hsuan Kuo,2025-04-10,12:51:05,-07:00,2025-04-10T12:51:05-07:00,0,59
cv/index.html,13,html,8e07a945,Yi-Hsuan Kuo,2025-04-10,12:51:05,-07:00,2025-04-10T12:51:05-07:00,0,3
cv/index.html,14,html,8e07a945,Yi-Hsuan Kuo,2025-04-10,12:51:05,-07:00,2025-04-10T12:51:05-07:00,0,18
cv/index.html,15,html,8e07a945,Yi-Hsuan Kuo,2025-04-10,12:51:05,-07:00,2025-04-10T12:51:05-07:00,0,20
cv/index.html,16,html,1c814fc3,Yi-Hsuan Kuo,2025-04-04,10:04:15,-07:00,2025-04-04T10:04:15-07:00,0,2
cv/index.html,17,html,8e07a945,Yi-Hsuan Kuo,2025-04-10,12:51:05,-07:00,2025-04-10T12:51:05-07:00,0,51
cv/index.html,18,html,1c814fc3,Yi-Hsuan Kuo,2025-04-04,10:04:15,-07:00,2025-04-04T10:04:15-07:00,0,14
cv/index.html,19,html,1c814fc3,Yi-Hsuan Kuo,2025-04-04,10:04:15,-07:00,2025-04-04T10:04:15-07:00,0,91
cv/index.html,20,html,1c814fc3,Yi-Hsuan Kuo,2025-04-04,10:04:15,-07:00,2025-04-04T10:04:15-07:00,0,65
cv/index.html,21,html,1c814fc3,Yi-Hsuan Kuo,2025-04-04,10:04:15,-07:00,2025-04-04T10:04:15-07:00,0,3
cv/index.html,22,html,1c814fc3,Yi-Hsuan Kuo,2025-04-04,10:04:15,-07:00,2025-04-04T10:04:15-07:00,0,8
cv/index.html,23,html,1c814fc3,Yi-Hsuan Kuo,2025-04-04,10:04:15,-07:00,2025-04-04T10:04:15-07:00,0,3
cv/index.html,24,html,1c814fc3,Yi-Hsuan Kuo,2025-04-04,10:04:15,-07:00,2025-04-04T10:04:15-07:00,0,8
cv/index.html,25,html,1c814fc3,Yi-Hsuan Kuo,2025-04-04,10:04:15,-07:00,2025-04-04T10:04:15-07:00,0,8
cv/index.html,26,html,1c814fc3,Yi-Hsuan Kuo,2025-04-04,10:04:15,-07:00,2025-04-04T10:04:15-07:00,0,17
cv/index.html,27,html,8e07a945,Yi-Hsuan Kuo,2025-04-10,12:51:05,-07:00,2025-04-10T12:51:05-07:00,0,22
cv/index.html,28,html,8e07a945,Yi-Hsuan Kuo,2025-04-10,12:51:05,-07:00,2025-04-10T12:51:05-07:00,0,57
cv/index.html,29,html,8e07a945,Yi-Hsuan Kuo,2025-04-10,12:51:05,-07:00,2025-04-10T12:51:05-07:00,0,33
cv/index.html,30,html,8e07a945,Yi-Hsuan Kuo,2025-04-10,12:51:05,-07:00,2025-04-10T12:51:05-07:00,0,5
cv/index.html,31,html,1c814fc3,Yi-Hsuan Kuo,2025-04-04,10:04:15,-07:00,2025-04-04T10:04:15-07:00,0,3
cv/index.html,32,html,1c814fc3,Yi-Hsuan Kuo,2025-04-04,10:04:15,-07:00,2025-04-04T10:04:15-07:00,0,33
cv/index.html,33,html,1c814fc3,Yi-Hsuan Kuo,2025-04-04,10:04:15,-07:00,2025-04-04T10:04:15-07:00,0,22
cv/index.html,34,html,1c814fc3,Yi-Hsuan Kuo,2025-04-04,10:04:15,-07:00,2025-04-04T10:04:15-07:00,0,4
cv/index.html,35,html,1c814fc3,Yi-Hsuan Kuo,2025-04-04,10:04:15,-07:00,2025-04-04T10:04:15-07:00,0,9
cv/index.html,36,html,1c814fc3,Yi-Hsuan Kuo,2025-04-04,10:04:15,-07:00,2025-04-04T10:04:15-07:00,0,9
cv/index.html,37,html,1c814fc3,Yi-Hsuan Kuo,2025-04-04,10:04:15,-07:00,2025-04-04T10:04:15-07:00,0,3
cv/index.html,38,html,1c814fc3,Yi-Hsuan Kuo,2025-04-04,10:04:15,-07:00,2025-04-04T10:04:15-07:00,0,8
cv/index.html,39,html,1c814fc3,Yi-Hsuan Kuo,2025-04-04,10:04:15,-07:00,2025-04-04T10:04:15-07:00,0,23
cv/index.html,40,html,1c814fc3,Yi-Hsuan Kuo,2025-04-04,10:04:15,-07:00,2025-04-04T10:04:15-07:00,0,8
cv/index.html,41,html,8e07a945,Yi-Hsuan Kuo,2025-04-10,12:51:05,-07:00,2025-04-10T12:51:05-07:00,0,112
cv/index.html,42,html,8e07a945,Yi-Hsuan Kuo,2025-04-10,12:51:05,-07:00,2025-04-10T12:51:05-07:00,0,22
cv/index.html,43,html,8e07a945,Yi-Hsuan Kuo,2025-04-10,12:51:05,-07:00,2025-04-10T12:51:05-07:00,0,38
cv/index.html,44,html,8e07a945,Yi-Hsuan Kuo,2025-04-10,12:51:05,-07:00,2025-04-10T12:51:05-07:00,0,31
cv/index.html,45,html,8e07a945,Yi-Hsuan Kuo,2025-04-10,12:51:05,-07:00,2025-04-10T12:51:05-07:00,0,5
cv/index.html,46,html,1c814fc3,Yi-Hsuan Kuo,2025-04-04,10:04:15,-07:00,2025-04-04T10:04:15-07:00,0,3
cv/index.html,47,html,8e07a945,Yi-Hsuan Kuo,2025-04-10,12:51:05,-07:00,2025-04-10T12:51:05-07:00,0,74
cv/index.html,48,html,1c814fc3,Yi-Hsuan Kuo,2025-04-04,10:04:15,-07:00,2025-04-04T10:04:15-07:00,0,58
cv/index.html,49,html,1c814fc3,Yi-Hsuan Kuo,2025-04-04,10:04:15,-07:00,2025-04-04T10:04:15-07:00,0,57
cv/index.html,50,html,1c814fc3,Yi-Hsuan Kuo,2025-04-04,10:04:15,-07:00,2025-04-04T10:04:15-07:00,0,82
cv/index.html,51,html,1c814fc3,Yi-Hsuan Kuo,2025-04-04,10:04:15,-07:00,2025-04-04T10:04:15-07:00,0,4
cv/index.html,52,html,1c814fc3,Yi-Hsuan Kuo,2025-04-04,10:04:15,-07:00,2025-04-04T10:04:15-07:00,0,9
cv/index.html,53,html,1c814fc3,Yi-Hsuan Kuo,2025-04-04,10:04:15,-07:00,2025-04-04T10:04:15-07:00,0,8
cv/index.html,54,html,1c814fc3,Yi-Hsuan Kuo,2025-04-04,10:04:15,-07:00,2025-04-04T10:04:15-07:00,0,90
cv/index.html,55,html,8e07a945,Yi-Hsuan Kuo,2025-04-10,12:51:05,-07:00,2025-04-10T12:51:05-07:00,0,22
cv/index.html,56,html,8e07a945,Yi-Hsuan Kuo,2025-04-10,12:51:05,-07:00,2025-04-10T12:51:05-07:00,0,37
cv/index.html,57,html,8e07a945,Yi-Hsuan Kuo,2025-04-10,12:51:05,-07:00,2025-04-10T12:51:05-07:00,0,33
cv/index.html,58,html,8e07a945,Yi-Hsuan Kuo,2025-04-10,12:51:05,-07:00,2025-04-10T12:51:05-07:00,0,5
cv/index.html,59,html,1c814fc3,Yi-Hsuan Kuo,2025-04-04,10:04:15,-07:00,2025-04-04T10:04:15-07:00,0,3
cv/index.html,60,html,1c814fc3,Yi-Hsuan Kuo,2025-04-04,10:04:15,-07:00,2025-04-04T10:04:15-07:00,0,109
cv/index.html,61,html,1c814fc3,Yi-Hsuan Kuo,2025-04-04,10:04:15,-07:00,2025-04-04T10:04:15-07:00,0,23
cv/index.html,62,html,1c814fc3,Yi-Hsuan Kuo,2025-04-04,10:04:15,-07:00,2025-04-04T10:04:15-07:00,0,69
cv/index.html,63,html,1c814fc3,Yi-Hsuan Kuo,2025-04-04,10:04:15,-07:00,2025-04-04T10:04:15-07:00,0,122
cv/index.html,64,html,1c814fc3,Yi-Hsuan Kuo,2025-04-04,10:04:15,-07:00,2025-04-04T10:04:15-07:00,0,162
cv/index.html,65,html,1c814fc3,Yi-Hsuan Kuo,2025-04-04,10:04:15,-07:00,2025-04-04T10:04:15-07:00,0,4
cv/index.html,66,html,1c814fc3,Yi-Hsuan Kuo,2025-04-04,10:04:15,-07:00,2025-04-04T10:04:15-07:00,0,9
cv/index.html,67,html,1c814fc3,Yi-Hsuan Kuo,2025-04-04,10:04:15,-07:00,2025-04-04T10:04:15-07:00,0,9
cv/index.html,68,html,1c814fc3,Yi-Hsuan Kuo,2025-04-04,10:04:15,-07:00,2025-04-04T10:04:15-07:00,0,3
cv/index.html,69,html,1c814fc3,Yi-Hsuan Kuo,2025-04-04,10:04:15,-07:00,2025-04-04T10:04:15-07:00,0,8
cv/index.html,70,html,1c814fc3,Yi-Hsuan Kuo,2025-04-04,10:04:15,-07:00,2025-04-04T10:04:15-07:00,0,15
cv/index.html,71,html,1c814fc3,Yi-Hsuan Kuo,2025-04-04,10:04:15,-07:00,2025-04-04T10:04:15-07:00,0,8
cv/index.html,72,html,8e07a945,Yi-Hsuan Kuo,2025-04-10,12:51:05,-07:00,2025-04-10T12:51:05-07:00,0,33
cv/index.html,73,html,8e07a945,Yi-Hsuan Kuo,2025-04-10,12:51:05,-07:00,2025-04-10T12:51:05-07:00,0,35
cv/index.html,74,html,8e07a945,Yi-Hsuan Kuo,2025-04-10,12:51:05,-07:00,2025-04-10T12:51:05-07:00,0,21
cv/index.html,75,html,8e07a945,Yi-Hsuan Kuo,2025-04-10,12:51:05,-07:00,2025-04-10T12:51:05-07:00,0,5
cv/index.html,76,html,1c814fc3,Yi-Hsuan Kuo,2025-04-04,10:04:15,-07:00,2025-04-04T10:04:15-07:00,0,3
cv/index.html,77,html,8e07a945,Yi-Hsuan Kuo,2025-04-10,12:51:05,-07:00,2025-04-10T12:51:05-07:00,0,126
cv/index.html,78,html,8e07a945,Yi-Hsuan Kuo,2025-04-10,12:51:05,-07:00,2025-04-10T12:51:05-07:00,0,50
cv/index.html,79,html,1c814fc3,Yi-Hsuan Kuo,2025-04-04,10:04:15,-07:00,2025-04-04T10:04:15-07:00,0,4
cv/index.html,80,html,1c814fc3,Yi-Hsuan Kuo,2025-04-04,10:04:15,-07:00,2025-04-04T10:04:15-07:00,0,9
cv/index.html,81,html,1c814fc3,Yi-Hsuan Kuo,2025-04-04,10:04:15,-07:00,2025-04-04T10:04:15-07:00,0,8
cv/index.html,82,html,8e07a945,Yi-Hsuan Kuo,2025-04-10,12:51:05,-07:00,2025-04-10T12:51:05-07:00,0,22
cv/index.html,83,html,8e07a945,Yi-Hsuan Kuo,2025-04-10,12:51:05,-07:00,2025-04-10T12:51:05-07:00,0,86
cv/index.html,84,html,8e07a945,Yi-Hsuan Kuo,2025-04-10,12:51:05,-07:00,2025-04-10T12:51:05-07:00,0,21
cv/index.html,85,html,8e07a945,Yi-Hsuan Kuo,2025-04-10,12:51:05,-07:00,2025-04-10T12:51:05-07:00,0,5
cv/index.html,86,html,1c814fc3,Yi-Hsuan Kuo,2025-04-04,10:04:15,-07:00,2025-04-04T10:04:15-07:00,0,3
cv/index.html,87,html,8e07a945,Yi-Hsuan Kuo,2025-04-10,12:51:05,-07:00,2025-04-10T12:51:05-07:00,0,91
cv/index.html,88,html,8e07a945,Yi-Hsuan Kuo,2025-04-10,12:51:05,-07:00,2025-04-10T12:51:05-07:00,0,67
cv/index.html,89,html,1c814fc3,Yi-Hsuan Kuo,2025-04-04,10:04:15,-07:00,2025-04-04T10:04:15-07:00,0,4
cv/index.html,90,html,1c814fc3,Yi-Hsuan Kuo,2025-04-04,10:04:15,-07:00,2025-04-04T10:04:15-07:00,0,9
cv/index.html,91,html,1c814fc3,Yi-Hsuan Kuo,2025-04-04,10:04:15,-07:00,2025-04-04T10:04:15-07:00,0,9
cv/index.html,92,html,1c814fc3,Yi-Hsuan Kuo,2025-04-04,10:04:15,-07:00,2025-04-04T10:04:15-07:00,0,3
cv/index.html,93,html,1c814fc3,Yi-Hsuan Kuo,2025-04-04,10:04:15,-07:00,2025-04-04T10:04:15-07:00,0,8
cv/index.html,94,html,1c814fc3,Yi-Hsuan Kuo,2025-04-04,10:04:15,-07:00,2025-04-04T10:04:15-07:00,0,14
cv/index.html,95,html,1c814fc3,Yi-Hsuan Kuo,2025-04-04,10:04:15,-07:00,2025-04-04T10:04:15-07:00,0,3
cv/index.html,96,html,1c814fc3,Yi-Hsuan Kuo,2025-04-04,10:04:15,-07:00,2025-04-04T10:04:15-07:00,0,75
cv/index.html,97,html,1c814fc3,Yi-Hsuan Kuo,2025-04-04,10:04:15,-07:00,2025-04-04T10:04:15-07:00,0,72
cv/index.html,98,html,1c814fc3,Yi-Hsuan Kuo,2025-04-04,10:04:15,-07:00,2025-04-04T10:04:15-07:00,0,97
cv/index.html,99,html,1c814fc3,Yi-Hsuan Kuo,2025-04-04,10:04:15,-07:00,2025-04-04T10:04:15-07:00,0,52
cv/index.html,100,html,1c814fc3,Yi-Hsuan Kuo,2025-04-04,10:04:15,-07:00,2025-04-04T10:04:15-07:00,0,4
cv/index.html,101,html,1c814fc3,Yi-Hsuan Kuo,2025-04-04,10:04:15,-07:00,2025-04-04T10:04:15-07:00,0,9
cv/index.html,102,html,1c814fc3,Yi-Hsuan Kuo,2025-04-04,10:04:15,-07:00,2025-04-04T10:04:15-07:00,0,3
cv/index.html,103,html,1c814fc3,Yi-Hsuan Kuo,2025-04-04,10:04:15,-07:00,2025-04-04T10:04:15-07:00,0,8
cv/index.html,104,html,1c814fc3,Yi-Hsuan Kuo,2025-04-04,10:04:15,-07:00,2025-04-04T10:04:15-07:00,0,12
cv/index.html,105,html,1c814fc3,Yi-Hsuan Kuo,2025-04-04,10:04:15,-07:00,2025-04-04T10:04:15-07:00,0,8
cv/index.html,106,html,1c814fc3,Yi-Hsuan Kuo,2025-04-04,10:04:15,-07:00,2025-04-04T10:04:15-07:00,0,116
cv/index.html,107,html,8e07a945,Yi-Hsuan Kuo,2025-04-10,12:51:05,-07:00,2025-04-10T12:51:05-07:00,0,22
cv/index.html,108,html,8e07a945,Yi-Hsuan Kuo,2025-04-10,12:51:05,-07:00,2025-04-10T12:51:05-07:00,0,25
cv/index.html,109,html,8e07a945,Yi-Hsuan Kuo,2025-04-10,12:51:05,-07:00,2025-04-10T12:51:05-07:00,0,31
cv/index.html,110,html,8e07a945,Yi-Hsuan Kuo,2025-04-10,12:51:05,-07:00,2025-04-10T12:51:05-07:00,0,5
cv/index.html,111,html,1c814fc3,Yi-Hsuan Kuo,2025-04-04,10:04:15,-07:00,2025-04-04T10:04:15-07:00,0,3
cv/index.html,112,html,1c814fc3,Yi-Hsuan Kuo,2025-04-04,10:04:15,-07:00,2025-04-04T10:04:15-07:00,0,62
cv/index.html,113,html,1c814fc3,Yi-Hsuan Kuo,2025-04-04,10:04:15,-07:00,2025-04-04T10:04:15-07:00,0,79
cv/index.html,114,html,1c814fc3,Yi-Hsuan Kuo,2025-04-04,10:04:15,-07:00,2025-04-04T10:04:15-07:00,0,84
cv/index.html,115,html,1c814fc3,Yi-Hsuan Kuo,2025-04-04,10:04:15,-07:00,2025-04-04T10:04:15-07:00,0,45
cv/index.html,116,html,1c814fc3,Yi-Hsuan Kuo,2025-04-04,10:04:15,-07:00,2025-04-04T10:04:15-07:00,0,4
cv/index.html,117,html,1c814fc3,Yi-Hsuan Kuo,2025-04-04,10:04:15,-07:00,2025-04-04T10:04:15-07:00,0,9
cv/index.html,118,html,1c814fc3,Yi-Hsuan Kuo,2025-04-04,10:04:15,-07:00,2025-04-04T10:04:15-07:00,0,9
cv/index.html,119,html,1c814fc3,Yi-Hsuan Kuo,2025-04-04,10:04:15,-07:00,2025-04-04T10:04:15-07:00,0,0
cv/index.html,120,html,1c814fc3,Yi-Hsuan Kuo,2025-04-04,10:04:15,-07:00,2025-04-04T10:04:15-07:00,0,6
cv/index.html,121,html,1c814fc3,Yi-Hsuan Kuo,2025-04-04,10:04:15,-07:00,2025-04-04T10:04:15-07:00,0,6
contact/index.html,1,html,b4a2bd1e,Yi-Hsuan Kuo,2025-04-03,13:44:12,-07:00,2025-04-03T13:44:12-07:00,0,14
contact/index.html,2,html,b4a2bd1e,Yi-Hsuan Kuo,2025-04-03,13:44:12,-07:00,2025-04-03T13:44:12-07:00,0,15
contact/index.html,3,html,b4a2bd1e,Yi-Hsuan Kuo,2025-04-03,13:44:12,-07:00,2025-04-03T13:44:12-07:00,0,5
contact/index.html,4,html,b4a2bd1e,Yi-Hsuan Kuo,2025-04-03,13:44:12,-07:00,2025-04-03T13:44:12-07:00,0,21
contact/index.html,5,html,b4a2bd1e,Yi-Hsuan Kuo,2025-04-03,13:44:12,-07:00,2025-04-03T13:44:12-07:00,0,69
contact/index.html,6,html,d29d11e8,Yi-Hsuan Kuo,2025-04-04,00:03:26,-07:00,2025-04-04T00:03:26-07:00,0,21
contact/index.html,7,html,cd48e08b,Yi-Hsuan Kuo,2025-04-09,16:34:19,-07:00,2025-04-09T16:34:19-07:00,0,42
contact/index.html,8,html,c53dd06a,Yi-Hsuan Kuo,2025-04-16,16:23:03,-07:00,2025-04-16T16:23:03-07:00,0,49
contact/index.html,9,html,b4a2bd1e,Yi-Hsuan Kuo,2025-04-03,13:44:12,-07:00,2025-04-03T13:44:12-07:00,0,6
contact/index.html,10,html,b4a2bd1e,Yi-Hsuan Kuo,2025-04-03,13:44:12,-07:00,2025-04-03T13:44:12-07:00,0,5
contact/index.html,11,html,cd48e08b,Yi-Hsuan Kuo,2025-04-09,16:34:19,-07:00,2025-04-09T16:34:19-07:00,0,18
contact/index.html,12,html,c617930d,Yi-Hsuan Kuo,2025-04-04,12:03:34,-07:00,2025-04-04T12:03:34-07:00,0,71
contact/index.html,13,html,c617930d,Yi-Hsuan Kuo,2025-04-04,12:03:34,-07:00,2025-04-04T12:03:34-07:00,0,6
contact/index.html,14,html,c617930d,Yi-Hsuan Kuo,2025-04-04,12:03:34,-07:00,2025-04-04T12:03:34-07:00,0,39
contact/index.html,15,html,c617930d,Yi-Hsuan Kuo,2025-04-04,12:03:34,-07:00,2025-04-04T12:03:34-07:00,0,7
contact/index.html,16,html,c617930d,Yi-Hsuan Kuo,2025-04-04,12:03:34,-07:00,2025-04-04T12:03:34-07:00,0,6
contact/index.html,17,html,c617930d,Yi-Hsuan Kuo,2025-04-04,12:03:34,-07:00,2025-04-04T12:03:34-07:00,0,30
contact/index.html,18,html,c617930d,Yi-Hsuan Kuo,2025-04-04,12:03:34,-07:00,2025-04-04T12:03:34-07:00,0,7
contact/index.html,19,html,c617930d,Yi-Hsuan Kuo,2025-04-04,12:03:34,-07:00,2025-04-04T12:03:34-07:00,0,6
contact/index.html,20,html,c617930d,Yi-Hsuan Kuo,2025-04-04,12:03:34,-07:00,2025-04-04T12:03:34-07:00,0,38
contact/index.html,21,html,c617930d,Yi-Hsuan Kuo,2025-04-04,12:03:34,-07:00,2025-04-04T12:03:34-07:00,0,7
contact/index.html,22,html,cd48e08b,Yi-Hsuan Kuo,2025-04-09,16:34:19,-07:00,2025-04-09T16:34:19-07:00,0,34
contact/index.html,23,html,c617930d,Yi-Hsuan Kuo,2025-04-04,12:03:34,-07:00,2025-04-04T12:03:34-07:00,0,6
contact/index.html,24,html,b4a2bd1e,Yi-Hsuan Kuo,2025-04-03,13:44:12,-07:00,2025-04-03T13:44:12-07:00,0,6
contact/index.html,25,html,c617930d,Yi-Hsuan Kuo,2025-04-04,12:03:34,-07:00,2025-04-04T12:03:34-07:00,0,6
